mean_fit_time,std_fit_time,mean_score_time,std_score_time,param_clf__colsample_bytree,param_clf__learning_rate,param_clf__max_depth,param_clf__n_estimators,param_clf__subsample,params,split0_test_score,split1_test_score,split2_test_score,split3_test_score,split4_test_score,mean_test_score,std_test_score,rank_test_score,split0_train_score,split1_train_score,split2_train_score,split3_train_score,split4_train_score,mean_train_score,std_train_score
32.58904538154602,0.8218272124729372,0.03373064994812012,0.015910085840781043,0.8,0.2,5,200,0.8,"{'clf__colsample_bytree': 0.8, 'clf__learning_rate': 0.2, 'clf__max_depth': 5, 'clf__n_estimators': 200, 'clf__subsample': 0.8}",0.43018429599618935,0.4556130896599362,0.4161571096415738,0.5218979198102229,0.4839012730393899,0.46155073762946247,0.03800268310610368,1,0.8312606547137431,0.8907085138991513,0.8202993572530505,0.9046162875638472,0.9049357217980375,0.870364107045566,0.03692658246610092
17.248659753799437,0.3722910087822921,0.024431943893432617,0.01633767210410535,0.8,0.2,3,200,1.0,"{'clf__colsample_bytree': 0.8, 'clf__learning_rate': 0.2, 'clf__max_depth': 3, 'clf__n_estimators': 200, 'clf__subsample': 1.0}",0.42666807551422936,0.4765808611728441,0.43212180632005437,0.5245547271898582,0.44584800648672124,0.46115469533674147,0.03612218417086166,2,0.75551512943278,0.813776607384274,0.8170784602789858,0.807524468419897,0.8135410072967237,0.8014871345625322,0.02319177045195218
40.32269177436829,1.094782615729375,0.0372678279876709,0.015178340309072287,1.0,0.2,5,200,0.8,"{'clf__colsample_bytree': 1.0, 'clf__learning_rate': 0.2, 'clf__max_depth': 5, 'clf__n_estimators': 200, 'clf__subsample': 0.8}",0.4343321815318769,0.4497699183487971,0.4253023936489321,0.50456319527809,0.49070316916596446,0.46093417159473216,0.031278155154616974,3,0.8320236965013188,0.8984515248945926,0.8175026007197059,0.9050630983611406,0.903777863438564,0.8713637567830645,0.03838940371974204
9.683796787261963,0.21821312279740498,0.03010382652282715,0.03576803252677634,0.8,0.2,3,100,1.0,"{'clf__colsample_bytree': 0.8, 'clf__learning_rate': 0.2, 'clf__max_depth': 3, 'clf__n_estimators': 100, 'clf__subsample': 1.0}",0.4298517845770629,0.449691838681744,0.4254907004352988,0.5157049778075378,0.4830712262052465,0.46076210554137803,0.03417158716322152,4,0.6687908075022578,0.7349854893855491,0.7043104017133116,0.7274919564190928,0.6904445302943296,0.7052046370629081,0.024200211408580332
22.427154350280762,0.41052550199777715,0.03006405830383301,0.02951617478951104,1.0,0.2,5,100,0.8,"{'clf__colsample_bytree': 1.0, 'clf__learning_rate': 0.2, 'clf__max_depth': 5, 'clf__n_estimators': 100, 'clf__subsample': 0.8}",0.42942784256559763,0.4779474158539547,0.4190508712196269,0.4890313479005229,0.4856271739431825,0.4602169302965769,0.029775606141160954,5,0.763087048706358,0.8231658803652652,0.7309472980464298,0.8197420525521601,0.806516660582921,0.7886917880506268,0.035945338640938365
39.82201471328735,0.9000867938644946,0.03687396049499512,0.017783526777833077,1.0,0.1,5,200,1.0,"{'clf__colsample_bytree': 1.0, 'clf__learning_rate': 0.1, 'clf__max_depth': 5, 'clf__n_estimators': 200, 'clf__subsample': 1.0}",0.4303571696203493,0.47503415069204546,0.43164034856435396,0.5250054948232981,0.435175349943624,0.45944250272873416,0.036740758024584166,6,0.7691084245800512,0.8239204911787527,0.7417239909272074,0.8199872112227917,0.8203973847352675,0.7950275005288141,0.033509657489027435
42.38640179634094,0.9990258024822541,0.03497672080993652,0.006893797087739656,1.0,0.2,7,200,0.8,"{'clf__colsample_bytree': 1.0, 'clf__learning_rate': 0.2, 'clf__max_depth': 7, 'clf__n_estimators': 200, 'clf__subsample': 0.8}",0.4227091350264066,0.45492950757567174,0.43910479552322496,0.49859495080083316,0.480012600118071,0.4590701978088415,0.02734476112260378,7,0.8556016771822132,0.9252141542164374,0.8429163520271902,0.9323449645902111,0.9344201250702039,0.8980994546172513,0.040195494494277374
17.971011304855345,0.5995218748459967,0.017421865463256837,0.007603683096300135,0.8,0.2,5,100,1.0,"{'clf__colsample_bytree': 0.8, 'clf__learning_rate': 0.2, 'clf__max_depth': 5, 'clf__n_estimators': 100, 'clf__subsample': 1.0}",0.43045991970178366,0.461334634203556,0.4303455020892635,0.5204518085916474,0.45182002069316274,0.4588823770558827,0.03307226831366613,8,0.7668368534589312,0.8159071128828705,0.7414131746036872,0.8168188098690838,0.8119301115781021,0.790581212478535,0.03087678342896705
9.970430755615235,0.18707774620104978,0.030762243270874023,0.01762709175594783,0.8,0.2,3,100,0.8,"{'clf__colsample_bytree': 0.8, 'clf__learning_rate': 0.2, 'clf__max_depth': 3, 'clf__n_estimators': 100, 'clf__subsample': 0.8}",0.43453607023952295,0.47041902263143714,0.42764306426743415,0.5146243171368443,0.44698876372332186,0.45884224759971204,0.031465363117099195,9,0.6644019796463594,0.7303599546726063,0.7010914028991551,0.7301565050553318,0.6981908939436028,0.7048401472434112,0.024436405612508774
42.15332818031311,0.85472393252413,0.031937456130981444,0.013014468286618194,1.0,0.1,5,200,0.8,"{'clf__colsample_bytree': 1.0, 'clf__learning_rate': 0.1, 'clf__max_depth': 5, 'clf__n_estimators': 200, 'clf__subsample': 0.8}",0.42428568978527814,0.4776458409450737,0.42006175140207624,0.5281824261750517,0.4415229885057471,0.4583397393626454,0.04039408923047324,10,0.7635574496034244,0.8177900447614462,0.7427129387848416,0.8184957630170095,0.8109260004761231,0.7906964393285689,0.03148028616401429
21.52312216758728,0.5480677634560656,0.0369929313659668,0.02212392680001511,1.0,0.2,5,100,1.0,"{'clf__colsample_bytree': 1.0, 'clf__learning_rate': 0.2, 'clf__max_depth': 5, 'clf__n_estimators': 100, 'clf__subsample': 1.0}",0.4201677659591561,0.4684345626181798,0.434073490400021,0.49314071413158767,0.4693780704314412,0.45703892070807706,0.026352790366812293,11,0.7692051914427044,0.8207229509711461,0.741810582940513,0.8227763013700015,0.8208017652703797,0.795063358398949,0.03344664521213119
22.592399978637694,0.44819198567445634,0.015924596786499025,0.000817456219151301,1.0,0.2,3,200,0.8,"{'clf__colsample_bytree': 1.0, 'clf__learning_rate': 0.2, 'clf__max_depth': 3, 'clf__n_estimators': 200, 'clf__subsample': 0.8}",0.4412387149839826,0.45747999798721883,0.4298616641656494,0.5081214529093963,0.4458857128794317,0.45651750858513573,0.02727967782515339,12,0.7547073028282565,0.8232980557847944,0.7373040912967046,0.8176480593781699,0.8183236648617955,0.7902562348299442,0.03659920951034722
11.31736969947815,0.293783041027506,0.02750844955444336,0.019062642397702178,1.0,0.2,3,100,1.0,"{'clf__colsample_bytree': 1.0, 'clf__learning_rate': 0.2, 'clf__max_depth': 3, 'clf__n_estimators': 100, 'clf__subsample': 1.0}",0.40803088803088805,0.4768974483672111,0.4356186707448265,0.48784545054630746,0.461143807397362,0.45390725301731905,0.02888539824528688,13,0.6812794436983257,0.7300498404479733,0.7137273705249536,0.7214429102721771,0.6943861011670931,0.7081771332221045,0.017882279290452288
40.43386507034302,0.8066393701952241,0.03053007125854492,0.003936074421355164,1.0,0.2,7,200,1.0,"{'clf__colsample_bytree': 1.0, 'clf__learning_rate': 0.2, 'clf__max_depth': 7, 'clf__n_estimators': 200, 'clf__subsample': 1.0}",0.43333649745896374,0.443940271951883,0.43711573838772655,0.4822437135945365,0.4725133468073823,0.4538299136400984,0.019766453787306758,14,0.8579147225598853,0.9254684747145492,0.8442548423562651,0.9382758607004458,0.9341721368037879,0.9000172074269868,0.040398295379485784
43.605680799484254,1.074933130300441,0.06671757698059082,0.024668622451113786,0.8,0.2,7,200,1.0,"{'clf__colsample_bytree': 0.8, 'clf__learning_rate': 0.2, 'clf__max_depth': 7, 'clf__n_estimators': 200, 'clf__subsample': 1.0}",0.42868199911543564,0.45000177514827955,0.4322339614734987,0.4864107560823724,0.47053975891560773,0.45357365014703876,0.02215337115531052,15,0.8585302924956953,0.9254137136872713,0.841587512760859,0.9383319133804833,0.9309754019846183,0.8989677668617853,0.04049961909597033
18.603702306747437,0.555758628007453,0.02525191307067871,0.017604833388895968,0.8,0.2,3,200,0.8,"{'clf__colsample_bytree': 0.8, 'clf__learning_rate': 0.2, 'clf__max_depth': 3, 'clf__n_estimators': 200, 'clf__subsample': 0.8}",0.4250418768098314,0.4481245763810894,0.4231097094521836,0.5163922790066955,0.454988134503136,0.4535313152305872,0.03382300434292427,16,0.7610082372654579,0.8126318833194774,0.7296265920028471,0.8008274769211305,0.8184177630386811,0.7845023905095188,0.033974572268931406
20.3657338142395,0.23820385008105405,0.03390336036682129,0.028252229278863242,0.8,0.1,3,200,0.8,"{'clf__colsample_bytree': 0.8, 'clf__learning_rate': 0.1, 'clf__max_depth': 3, 'clf__n_estimators': 200, 'clf__subsample': 0.8}",0.4280932440660907,0.46130817984710626,0.42360549852532203,0.49843533295904274,0.4560790318627588,0.45350425745206413,0.02692949164350929,17,0.6638696154498807,0.727885650288925,0.7067766140749925,0.718724782873899,0.687832986859091,0.7010179299093576,0.02290156970183923
30.6443452835083,0.3600504726608737,0.05594677925109863,0.028567640905448773,0.8,0.2,5,200,1.0,"{'clf__colsample_bytree': 0.8, 'clf__learning_rate': 0.2, 'clf__max_depth': 5, 'clf__n_estimators': 200, 'clf__subsample': 1.0}",0.43456382619282197,0.4437986117960474,0.43134956524108325,0.48907382952847406,0.4659258684658268,0.4529423402448507,0.021733301654313218,18,0.8322797612305333,0.9001646560904257,0.8222222493297958,0.9060341478510028,0.9029843325227095,0.8727370294048935,0.03732132286638237
20.054351997375488,0.680661529620597,0.0466710090637207,0.025056479753386016,1.0,0.2,3,200,1.0,"{'clf__colsample_bytree': 1.0, 'clf__learning_rate': 0.2, 'clf__max_depth': 3, 'clf__n_estimators': 200, 'clf__subsample': 1.0}",0.4182434643976976,0.4743996347801658,0.4365561245642492,0.49762044810977596,0.4362475170434744,0.4526134377790726,0.029007740684574974,19,0.7584330053776829,0.8250335924634029,0.8147157330875581,0.8107222149652927,0.8144285883051502,0.8046666268398173,0.023602167772434297
11.39440860748291,0.21912130465090185,0.015537738800048828,0.008071157761310526,1.0,0.2,3,100,0.8,"{'clf__colsample_bytree': 1.0, 'clf__learning_rate': 0.2, 'clf__max_depth': 3, 'clf__n_estimators': 100, 'clf__subsample': 0.8}",0.4253089006384634,0.48500940718682656,0.42685541719852615,0.4754985828345597,0.4484342710134537,0.45222131577436586,0.024490564335235544,20,0.6671929647308117,0.7283403335505053,0.7034391742418042,0.7228160823101263,0.7058096274778523,0.7055196364622198,0.02141633693427373
38.66478943824768,0.8760028419931366,0.04983677864074707,0.025994443532924575,1.0,0.2,5,200,1.0,"{'clf__colsample_bytree': 1.0, 'clf__learning_rate': 0.2, 'clf__max_depth': 5, 'clf__n_estimators': 200, 'clf__subsample': 1.0}",0.42617573780102125,0.43792374051069705,0.42502332244821867,0.5097822589287545,0.45053144527138195,0.4498873009920146,0.031341357167402446,21,0.8315293707996507,0.8981509750757877,0.8213450459046698,0.90895354298806,0.9097571688614632,0.8739472207259263,0.03914046370883384
54.87452301979065,1.054598417454408,0.059139680862426755,0.019688480988060305,0.8,0.1,7,200,0.8,"{'clf__colsample_bytree': 0.8, 'clf__learning_rate': 0.1, 'clf__max_depth': 7, 'clf__n_estimators': 200, 'clf__subsample': 0.8}",0.4290016736137426,0.45847263018463136,0.43533401646892567,0.469172019362479,0.45683254283502395,0.44976257649296053,0.015111415318376344,22,0.8128790417650872,0.8718512190901757,0.7971870925701767,0.8788446545247853,0.885064125197715,0.8491652266295879,0.03661329606804498
18.802137708663942,0.5057728768078795,0.025292301177978517,0.018439385468763867,0.8,0.1,3,200,1.0,"{'clf__colsample_bytree': 0.8, 'clf__learning_rate': 0.1, 'clf__max_depth': 3, 'clf__n_estimators': 200, 'clf__subsample': 1.0}",0.4219095103340024,0.4493476475451361,0.4297866759476322,0.4898683420982239,0.4569350727567998,0.4495694497363589,0.023810639264003074,23,0.6723651415858828,0.7302938952585364,0.6980067352218862,0.7197260218326167,0.6966642962155505,0.7034112180228945,0.020136729670227026
22.54227809906006,0.23419511315540648,0.059469747543334964,0.026339856242474913,1.0,0.1,3,200,0.8,"{'clf__colsample_bytree': 1.0, 'clf__learning_rate': 0.1, 'clf__max_depth': 3, 'clf__n_estimators': 200, 'clf__subsample': 0.8}",0.43154638754156915,0.48355188651343545,0.417301303347815,0.46767145068769844,0.4473632651423577,0.44948685864657517,0.023888849423956398,24,0.6657184226947073,0.7238212475784084,0.6548473724583961,0.7251049948979198,0.7020489108456336,0.6943081896950131,0.0291681793548365
53.93124923706055,1.4502278787255507,0.05126862525939942,0.02832214444755294,0.8,0.1,7,200,1.0,"{'clf__colsample_bytree': 0.8, 'clf__learning_rate': 0.1, 'clf__max_depth': 7, 'clf__n_estimators': 200, 'clf__subsample': 1.0}",0.4295584190847007,0.4516519854443428,0.4346513739438417,0.47567740567510786,0.45424663874934257,0.44915716457946714,0.016309376770298645,25,0.8145851345265874,0.8815327150885679,0.7956602110454681,0.8849673843912038,0.8862302620759565,0.8525951414255568,0.039250512218673685
35.23484959602356,0.9833981823954837,0.08040337562561035,0.09332276772788001,1.0,0.2,7,100,0.8,"{'clf__colsample_bytree': 1.0, 'clf__learning_rate': 0.2, 'clf__max_depth': 7, 'clf__n_estimators': 100, 'clf__subsample': 0.8}",0.43669794119004757,0.4421695001647478,0.43043557475248406,0.4630000253843002,0.469966336291834,0.44845387555668265,0.015340997180489258,26,0.810578895495645,0.8721719421387539,0.7954079824238248,0.881610997923324,0.8809222874078572,0.848138421077881,0.03732029621911133
26.076295137405396,0.7923433394991493,0.030660247802734374,0.012465151105356117,0.8,0.2,7,100,1.0,"{'clf__colsample_bytree': 0.8, 'clf__learning_rate': 0.2, 'clf__max_depth': 7, 'clf__n_estimators': 100, 'clf__subsample': 1.0}",0.42234692319438083,0.4651404654387332,0.4258349086326402,0.48077813727681096,0.4463684789525181,0.4480937826990166,0.022450796639172873,27,0.8123287615652118,0.8778171601376086,0.8052752894337052,0.888556815282346,0.8838080461734883,0.853557214518472,0.036768354474206184
36.35084547996521,0.7790379296016927,0.04444727897644043,0.01805974343437342,0.8,0.1,5,200,0.8,"{'clf__colsample_bytree': 0.8, 'clf__learning_rate': 0.1, 'clf__max_depth': 5, 'clf__n_estimators': 200, 'clf__subsample': 0.8}",0.42045537003461264,0.45813317378797935,0.42777333069030066,0.4845069780615923,0.44761555048883683,0.4476968806126644,0.022816458288317947,28,0.7678532657159917,0.8122430694629867,0.7401020781971333,0.8111166591247461,0.8050611115600489,0.7872752368121814,0.028672855737415587
25.04326696395874,0.6502680317809307,0.023628425598144532,0.013164621587205572,1.0,0.1,5,100,0.8,"{'clf__colsample_bytree': 1.0, 'clf__learning_rate': 0.1, 'clf__max_depth': 5, 'clf__n_estimators': 100, 'clf__subsample': 0.8}",0.4144913250950403,0.4549294974491825,0.42598312141294603,0.503526157045598,0.4364775683736278,0.44708153387527894,0.031200303903094,29,0.690810690030538,0.736091984277093,0.6628929695480985,0.7488068116922875,0.7173041192130178,0.7111813149522069,0.031049749901516547
34.33602247238159,0.5528049141792972,0.03432741165161133,0.014993189204585679,0.8,0.1,5,200,1.0,"{'clf__colsample_bytree': 0.8, 'clf__learning_rate': 0.1, 'clf__max_depth': 5, 'clf__n_estimators': 200, 'clf__subsample': 1.0}",0.4217313570549118,0.4496722988062747,0.4315911758582296,0.4969897332959967,0.4354128667612421,0.44707948635533096,0.02651897758180949,30,0.7668926113728288,0.8157681088266072,0.7362946228488938,0.8192329116010437,0.8132851525811953,0.7902946814461138,0.03310148529066367
30.87093892097473,2.2747470100327782,0.029671859741210938,0.011410775596338038,1.0,0.2,7,100,1.0,"{'clf__colsample_bytree': 1.0, 'clf__learning_rate': 0.2, 'clf__max_depth': 7, 'clf__n_estimators': 100, 'clf__subsample': 1.0}",0.43089872498565174,0.4396436145621592,0.43344296105528235,0.4720825247184267,0.45523202791466066,0.44625997064723605,0.015435814726601388,31,0.8149456276977867,0.8788863469770829,0.8023415251278426,0.8809654682206525,0.8880784805715131,0.8530434897189757,0.036598024653618805
64.30559525489807,1.5827430744359836,0.07609395980834961,0.01192771900910184,1.0,0.1,7,200,1.0,"{'clf__colsample_bytree': 1.0, 'clf__learning_rate': 0.1, 'clf__max_depth': 7, 'clf__n_estimators': 200, 'clf__subsample': 1.0}",0.4231874220974735,0.4437453508030431,0.4298561147573733,0.4730850785902428,0.45884764094941405,0.4457443214395093,0.01835461079326116,32,0.8147252540587903,0.8805423604451056,0.8028178852833553,0.8834187671473535,0.8834385607765276,0.8529885655422265,0.03631415469583151
64.74309287071227,1.459399549294015,0.062157392501831055,0.018141530435247112,1.0,0.1,7,200,0.8,"{'clf__colsample_bytree': 1.0, 'clf__learning_rate': 0.1, 'clf__max_depth': 7, 'clf__n_estimators': 200, 'clf__subsample': 0.8}",0.42941177397770924,0.45672213044079224,0.42242521438583785,0.4659759967409599,0.4479182397992507,0.44449067106891,0.01635379809781702,33,0.8125007625744461,0.8738420879482339,0.7982550583316763,0.880303392358851,0.8844894938943332,0.849878159021508,0.036769344581890816
19.11346802711487,0.3804228886002196,0.024042272567749025,0.018026441870640487,0.8,0.2,5,100,0.8,"{'clf__colsample_bytree': 0.8, 'clf__learning_rate': 0.2, 'clf__max_depth': 5, 'clf__n_estimators': 100, 'clf__subsample': 0.8}",0.422527811746827,0.450293638386395,0.42436969554429615,0.47821163874246064,0.4441226026248101,0.4439050774089578,0.020280137134145934,34,0.7643849144618452,0.8157001326492554,0.7286102617107076,0.814873134965052,0.8181264047992803,0.788338969717228,0.03600361585859222
44.67979497909546,0.4717125836880206,0.07648077011108398,0.03906763346184972,0.8,0.2,7,200,0.8,"{'clf__colsample_bytree': 0.8, 'clf__learning_rate': 0.2, 'clf__max_depth': 7, 'clf__n_estimators': 200, 'clf__subsample': 0.8}",0.4221785306478004,0.44688023895944684,0.4360657439254454,0.45297405217406495,0.4611905659699777,0.44385782633534704,0.01358950201181411,35,0.8504800548447122,0.9226195659208992,0.8414615839098897,0.9337711549141318,0.9309288315299138,0.8958522382239094,0.04099190108852134
27.708793115615844,0.6118265713338529,0.02600884437561035,0.012395874271568018,0.8,0.2,7,100,0.8,"{'clf__colsample_bytree': 0.8, 'clf__learning_rate': 0.2, 'clf__max_depth': 7, 'clf__n_estimators': 100, 'clf__subsample': 0.8}",0.4273901909365565,0.450626482590914,0.4332158518148934,0.44931043511020075,0.4586682808716707,0.4438422482648471,0.011656145481849725,36,0.8153345054067206,0.8692548487943439,0.7965916091525618,0.8832392575526001,0.880959964402189,0.8490760370616831,0.036011112260740955
21.468306684494017,0.2926132287936937,0.026894235610961915,0.013116269530139796,1.0,0.1,3,200,1.0,"{'clf__colsample_bytree': 1.0, 'clf__learning_rate': 0.1, 'clf__max_depth': 3, 'clf__n_estimators': 200, 'clf__subsample': 1.0}",0.40711401871230735,0.44851846779631355,0.42861284924703447,0.4762367776221851,0.45525026898586807,0.44314647647274175,0.023579196113249934,37,0.6742477481211223,0.7265475651820504,0.698094357577731,0.716914258893452,0.6803496890079851,0.6992307237564681,0.0202032230759017
20.662656688690184,0.27366253726570866,0.027039194107055665,0.023483495633797685,0.8,0.1,5,100,1.0,"{'clf__colsample_bytree': 0.8, 'clf__learning_rate': 0.1, 'clf__max_depth': 5, 'clf__n_estimators': 100, 'clf__subsample': 1.0}",0.41365723369738217,0.4473796953997893,0.4238483507464612,0.47399273039955786,0.43839556364407317,0.4394547147774528,0.020812833879339698,38,0.6853816177590724,0.7399260992335042,0.7265952697324147,0.7283199529583452,0.7138581175742549,0.7188162114515182,0.018648951513738816
37.90627436637878,0.8264699187275308,0.025614309310913085,0.015054639450261767,1.0,0.1,7,100,0.8,"{'clf__colsample_bytree': 1.0, 'clf__learning_rate': 0.1, 'clf__max_depth': 7, 'clf__n_estimators': 100, 'clf__subsample': 0.8}",0.4169286038982263,0.4591099760314836,0.4238209601483559,0.4544511606280625,0.43895686673983214,0.4386535134891921,0.016493034126003014,39,0.7454001964715553,0.8086723350473629,0.7125552753360695,0.8038917682553937,0.7978746273601638,0.7736788404941091,0.038101374495963194
33.41834282875061,0.47095170119207413,0.04174327850341797,0.03720531265848424,0.8,0.1,7,100,0.8,"{'clf__colsample_bytree': 0.8, 'clf__learning_rate': 0.1, 'clf__max_depth': 7, 'clf__n_estimators': 100, 'clf__subsample': 0.8}",0.422116901212775,0.4558293292531276,0.4200229288120434,0.46008273737140715,0.4331190764266989,0.43823419461521046,0.016760246814125492,40,0.7428680383685925,0.7943396509153487,0.7066361558019593,0.7980525410381787,0.7897148064392747,0.7663222385126707,0.03592082322010771
38.08920321464539,0.6795770701084908,0.07416310310363769,0.03895038692545945,1.0,0.1,7,100,1.0,"{'clf__colsample_bytree': 1.0, 'clf__learning_rate': 0.1, 'clf__max_depth': 7, 'clf__n_estimators': 100, 'clf__subsample': 1.0}",0.420833394971326,0.4467841801237712,0.4255729209964807,0.45724293282884,0.4400555173377475,0.43809778925163306,0.013422028482382359,41,0.742356338163184,0.7966166878613606,0.7177329081478444,0.8076630061050487,0.7984548609679754,0.7725647602490826,0.03577641728579982
24.529558610916137,0.6113476023361133,0.024704694747924805,0.02253691193471011,1.0,0.1,5,100,1.0,"{'clf__colsample_bytree': 1.0, 'clf__learning_rate': 0.1, 'clf__max_depth': 5, 'clf__n_estimators': 100, 'clf__subsample': 1.0}",0.4028634873471202,0.4456218512670126,0.4244395551240426,0.47063297957039885,0.4415260736494856,0.43701678939161204,0.02257903380969946,42,0.6937770123166506,0.7490857693955145,0.7251027532224976,0.74536679532758,0.7212729710893281,0.7269210602703141,0.019825511539825896
33.01142683029175,0.6454257919244827,0.029172420501708984,0.021257995218610916,0.8,0.1,7,100,1.0,"{'clf__colsample_bytree': 0.8, 'clf__learning_rate': 0.1, 'clf__max_depth': 7, 'clf__n_estimators': 100, 'clf__subsample': 1.0}",0.41399871849733627,0.4475916383533264,0.43492861410568473,0.44458052049148167,0.4438645345724992,0.4369928052040656,0.012248414267071234,43,0.7455149367447175,0.797501356552143,0.718157460707624,0.798941279215179,0.7927220112582825,0.7705674088955892,0.032850477893215914
10.753106737136841,0.18613054175846186,0.02274775505065918,0.021795337264436505,0.8,0.1,3,100,0.8,"{'clf__colsample_bytree': 0.8, 'clf__learning_rate': 0.1, 'clf__max_depth': 3, 'clf__n_estimators': 100, 'clf__subsample': 0.8}",0.40811988304093566,0.4417919187478116,0.42193223443223443,0.47108365686209996,0.43508246323780303,0.43560203126417696,0.021164414612533287,44,0.5918872497185282,0.6452612290923596,0.6196309510311743,0.6269347206548974,0.6183717009256122,0.6204171702845143,0.01719572140965398
21.474364376068117,0.5621414939796204,0.037428855895996094,0.023894319007124274,0.8,0.1,5,100,0.8,"{'clf__colsample_bytree': 0.8, 'clf__learning_rate': 0.1, 'clf__max_depth': 5, 'clf__n_estimators': 100, 'clf__subsample': 0.8}",0.4129490823722533,0.45051234106207927,0.4201267482517482,0.4447217567226367,0.44550215279969774,0.4347624162416831,0.015182982895400137,45,0.6891070523446965,0.744905730903931,0.6631822454680155,0.7429846923363759,0.7170953536383021,0.7114550149382642,0.03154227664740492
11.916531324386597,0.30150213258649283,0.03121175765991211,0.018728999049962995,1.0,0.1,3,100,0.8,"{'clf__colsample_bytree': 1.0, 'clf__learning_rate': 0.1, 'clf__max_depth': 3, 'clf__n_estimators': 100, 'clf__subsample': 0.8}",0.4088393388783447,0.46256766180182446,0.41258911449875585,0.44966953240096064,0.42545640468054263,0.4318244104520856,0.02098788938455709,46,0.5948136633210194,0.629617308422066,0.6328377476748839,0.6337693552134479,0.6213281376674328,0.62247324245977,0.014508110788726464
10.154834413528443,0.296552046633146,0.041554594039916994,0.043012641237170794,0.8,0.1,3,100,1.0,"{'clf__colsample_bytree': 0.8, 'clf__learning_rate': 0.1, 'clf__max_depth': 3, 'clf__n_estimators': 100, 'clf__subsample': 1.0}",0.4110048783961827,0.4319996758066857,0.41186922690146627,0.451808295665211,0.4152054559712718,0.4243775065481635,0.015684109225491148,47,0.5969349168033068,0.6300357547771368,0.6139177725359215,0.6258276432318537,0.6153319783582873,0.6164096131413013,0.011497872763704405
11.61146650314331,0.212698287404916,0.017128753662109374,0.012130377118968222,1.0,0.1,3,100,1.0,"{'clf__colsample_bytree': 1.0, 'clf__learning_rate': 0.1, 'clf__max_depth': 3, 'clf__n_estimators': 100, 'clf__subsample': 1.0}",0.40538884126070956,0.43952244461215584,0.4054580508873086,0.44610088619704696,0.417428131713846,0.4227796709342134,0.017060586165636337,48,0.5900387554226447,0.6313664842446763,0.6245566289446081,0.6244594048362343,0.6131458376115806,0.6167134222119488,0.014563611322766838
94.35409827232361,3.0760619715933673,0.08182954788208008,0.033398270783107725,0.8,0.01,7,200,1.0,"{'clf__colsample_bytree': 0.8, 'clf__learning_rate': 0.01, 'clf__max_depth': 7, 'clf__n_estimators': 200, 'clf__subsample': 1.0}",0.38969230180974107,0.4277999306518724,0.3861594387107655,0.40372144683650085,0.42917380447272346,0.4073093844963206,0.018267295631405184,49,0.5993440680138084,0.6449515872816054,0.5650002361397761,0.6532713021307726,0.6528241601261002,0.6230782707384125,0.035245565787872725
45.04879803657532,1.5096291795747623,0.055192422866821286,0.03785251902662886,0.8,0.01,7,100,0.8,"{'clf__colsample_bytree': 0.8, 'clf__learning_rate': 0.01, 'clf__max_depth': 7, 'clf__n_estimators': 100, 'clf__subsample': 0.8}",0.39858214409423304,0.4305365933221062,0.3835835104204546,0.40597441700297854,0.41405930391259305,0.40654719375047305,0.01563984611308888,50,0.5437821250153145,0.5753380594722548,0.5345750736213783,0.5888029497974195,0.5945262924027106,0.5674049000618155,0.024050839811675617
105.21473908424377,2.9626889064494835,0.0567929744720459,0.014270881938893587,1.0,0.01,7,200,0.8,"{'clf__colsample_bytree': 1.0, 'clf__learning_rate': 0.01, 'clf__max_depth': 7, 'clf__n_estimators': 200, 'clf__subsample': 0.8}",0.3906615777161707,0.4426426325494853,0.3736981535991437,0.3986204066540545,0.4223208076554533,0.40558871563486154,0.024254238332922246,51,0.5850382868866484,0.6236535342308243,0.53269630424431,0.6310482594177621,0.6346244355837221,0.6014121640726533,0.03864195884991598
46.41684942245483,1.623559712015077,0.05314860343933105,0.0375366435183554,0.8,0.01,7,100,1.0,"{'clf__colsample_bytree': 0.8, 'clf__learning_rate': 0.01, 'clf__max_depth': 7, 'clf__n_estimators': 100, 'clf__subsample': 1.0}",0.387023935648973,0.4253312129500311,0.38195490906311375,0.4125605689397032,0.4140747167062956,0.40418906866162335,0.016755882332332436,52,0.5639919524996666,0.5840836313252677,0.5321637675171542,0.6104326233438149,0.6137609543086552,0.5808865857989117,0.030408075227642925
52.905157518386844,1.152661380180845,0.04733428955078125,0.03238445566457276,0.8,0.01,5,200,0.8,"{'clf__colsample_bytree': 0.8, 'clf__learning_rate': 0.01, 'clf__max_depth': 5, 'clf__n_estimators': 200, 'clf__subsample': 0.8}",0.3756410256410257,0.435357486107282,0.37116017344170565,0.4370627950225146,0.3969742683101462,0.4032391497045348,0.028304036548373393,53,0.5300875390638328,0.5682156119588813,0.5070655435453837,0.5750619397823514,0.5756864159751349,0.5512234100651168,0.027756409353477254
109.18383932113647,3.9233621554676468,0.05225362777709961,0.027230464984535116,1.0,0.01,7,200,1.0,"{'clf__colsample_bytree': 1.0, 'clf__learning_rate': 0.01, 'clf__max_depth': 7, 'clf__n_estimators': 200, 'clf__subsample': 1.0}",0.3816623033757512,0.42628322873616,0.3756666666666667,0.40383991564664456,0.4269105226046027,0.402872527405965,0.021526051435075036,54,0.593503665562406,0.6308874456712399,0.5504897217075615,0.6354820150251728,0.6349087542498181,0.6090543204432396,0.0332120316689299
90.0530107975006,1.9783795452769453,0.07156910896301269,0.027952710903719317,0.8,0.01,7,200,0.8,"{'clf__colsample_bytree': 0.8, 'clf__learning_rate': 0.01, 'clf__max_depth': 7, 'clf__n_estimators': 200, 'clf__subsample': 0.8}",0.3784838039575071,0.4202453305240762,0.3789447731755424,0.4026915841975221,0.4333955814524049,0.40275221466141053,0.021912456435194953,55,0.5918650482168955,0.625708601211458,0.5612022148088249,0.6486655348325125,0.639869636202945,0.6134622070545273,0.03250890594928918
53.258513832092284,1.2706140703145967,0.04376473426818848,0.031148361001403585,0.8,0.01,5,200,1.0,"{'clf__colsample_bytree': 0.8, 'clf__learning_rate': 0.01, 'clf__max_depth': 5, 'clf__n_estimators': 200, 'clf__subsample': 1.0}",0.3756488071100926,0.42904479153792885,0.3705540797407,0.4282426268746453,0.399001720505319,0.40049840515373714,0.02490398854321876,56,0.5298627779710605,0.5714218782713983,0.5138862973629353,0.5804123027022436,0.5770138444723646,0.5545194201560004,0.02728052145386311
52.715280055999756,1.805073892887145,0.026741409301757814,0.018895031835103444,1.0,0.01,7,100,0.8,"{'clf__colsample_bytree': 1.0, 'clf__learning_rate': 0.01, 'clf__max_depth': 7, 'clf__n_estimators': 100, 'clf__subsample': 0.8}",0.38069810204925814,0.41604026906355596,0.3734693877551021,0.41522065474874076,0.414041938140938,0.3998940703515189,0.01877506396528868,57,0.5295560015946549,0.5646027590223347,0.5090074907606413,0.5732610157640056,0.5854413081657243,0.5523737150614723,0.028567716109296825
62.20620799064636,0.8665051935884921,0.06081447601318359,0.026881159773110064,1.0,0.01,5,200,0.8,"{'clf__colsample_bytree': 1.0, 'clf__learning_rate': 0.01, 'clf__max_depth': 5, 'clf__n_estimators': 200, 'clf__subsample': 0.8}",0.37439916763744313,0.43100215052842894,0.3643856143856144,0.43010845356477884,0.39914213144306776,0.3998075035118666,0.02753902706257779,58,0.5270395641770738,0.5563068912595079,0.5040148698356014,0.5736541845757469,0.5579930739949684,0.5438017167685797,0.024951580276698575
21.90202393531799,0.5897482143742093,0.021075439453125,0.00902615018596468,0.8,0.01,3,200,0.8,"{'clf__colsample_bytree': 0.8, 'clf__learning_rate': 0.01, 'clf__max_depth': 3, 'clf__n_estimators': 200, 'clf__subsample': 0.8}",0.38778087951333867,0.3965518697959001,0.35476084373143196,0.4484211248627608,0.4100961928918918,0.39952218215906465,0.03050630971357785,59,0.448983963847245,0.4893441898132612,0.4543668978278774,0.4795775619682606,0.4799710703819534,0.4704487367677196,0.01581398402056631
22.78916206359863,0.490602057364262,0.027172183990478514,0.02017332324960142,0.8,0.01,3,200,1.0,"{'clf__colsample_bytree': 0.8, 'clf__learning_rate': 0.01, 'clf__max_depth': 3, 'clf__n_estimators': 200, 'clf__subsample': 1.0}",0.3876046416317019,0.40250827256818694,0.35335090649184375,0.448653563835693,0.39283337679927843,0.3969901522653408,0.030689764126084026,60,0.44960104820928676,0.48802591987853894,0.45241307745779513,0.4803671455869537,0.47076579914199057,0.4682345980549131,0.015118411305036284
55.466975688934326,1.9297575630265,0.047611427307128903,0.03311693262487013,1.0,0.01,7,100,1.0,"{'clf__colsample_bytree': 1.0, 'clf__learning_rate': 0.01, 'clf__max_depth': 7, 'clf__n_estimators': 100, 'clf__subsample': 1.0}",0.377863243722462,0.41721670221556595,0.3788854104766236,0.39512752626288816,0.41301713251851574,0.39642200303921105,0.016501231060000576,61,0.5461936861676353,0.5738448676919804,0.5102087318673824,0.5849633757337376,0.5891951691796165,0.5608811661280704,0.029438446997164455
62.97686429023743,2.064043392108947,0.0629964828491211,0.016022570564218814,1.0,0.01,5,200,1.0,"{'clf__colsample_bytree': 1.0, 'clf__learning_rate': 0.01, 'clf__max_depth': 5, 'clf__n_estimators': 200, 'clf__subsample': 1.0}",0.36382214566888477,0.4199992581877527,0.3665905926799031,0.4341067618721892,0.39431057954850807,0.39576586759144755,0.02803924854113688,62,0.5318204217024997,0.5593097015883535,0.5075793356273501,0.5794770314500207,0.5561508228280437,0.5468674626392536,0.02479654987913147
25.93797016143799,0.6865575172434462,0.043007278442382814,0.03078126084375439,1.0,0.01,3,200,0.8,"{'clf__colsample_bytree': 1.0, 'clf__learning_rate': 0.01, 'clf__max_depth': 3, 'clf__n_estimators': 200, 'clf__subsample': 0.8}",0.3905780322564979,0.40610215787907883,0.3463630945543159,0.4409191553412668,0.3907569649684292,0.39494388099991773,0.03044640112214466,63,0.4468199983303879,0.4914609816301721,0.4568954345814881,0.47722902935901046,0.47963168120287747,0.47040742502078725,0.016209960007793622
24.842961454391478,0.4673305584581,0.0292508602142334,0.014969512318200508,1.0,0.01,3,200,1.0,"{'clf__colsample_bytree': 1.0, 'clf__learning_rate': 0.01, 'clf__max_depth': 3, 'clf__n_estimators': 200, 'clf__subsample': 1.0}",0.3871766724544897,0.4037246975081604,0.35149508992607303,0.44090171409140794,0.3821865168965698,0.39309693817534025,0.029267888496653034,64,0.4487611620304352,0.4825274267385434,0.4485439747626513,0.4862784092657798,0.4721784378396728,0.46765788212741655,0.016190678163516884
27.78779807090759,1.2681096854870095,0.02940845489501953,0.017832956915919074,0.8,0.01,5,100,0.8,"{'clf__colsample_bytree': 0.8, 'clf__learning_rate': 0.01, 'clf__max_depth': 5, 'clf__n_estimators': 100, 'clf__subsample': 0.8}",0.36877809654038307,0.3975360441575169,0.37179144385026736,0.42077728053170116,0.3896867795983436,0.38971392893564244,0.01889784424599295,65,0.48283443423829703,0.526554655953319,0.4870417523854482,0.5408617772903423,0.5241458585064114,0.5122876956747635,0.02308892627784013
10.338025617599488,0.3603736405082493,0.011943292617797852,0.0004269994189658576,0.8,0.01,3,100,0.8,"{'clf__colsample_bytree': 0.8, 'clf__learning_rate': 0.01, 'clf__max_depth': 3, 'clf__n_estimators': 100, 'clf__subsample': 0.8}",0.3771588884771362,0.37909747453358,0.33226833910205206,0.4401212565985083,0.39542104720676147,0.38481340118360763,0.034709445274001854,66,0.4270990275659827,0.4381204261183472,0.42292487864646994,0.44786741818881515,0.4404517541594373,0.43529270093581046,0.009086635079470433
31.2924738407135,0.6984200545721594,0.02500438690185547,0.015547199332441372,1.0,0.01,5,100,0.8,"{'clf__colsample_bytree': 1.0, 'clf__learning_rate': 0.01, 'clf__max_depth': 5, 'clf__n_estimators': 100, 'clf__subsample': 0.8}",0.35393411846233597,0.39991405197877067,0.36239966026670445,0.4094729512673291,0.398340291530625,0.384812214701153,0.02224862109642231,67,0.47397343632504463,0.5082859992626534,0.4787392685652747,0.5165814339131513,0.5080275313505077,0.49712153388332636,0.017297490430245137
9.966059017181397,0.3595909655098912,0.01833658218383789,0.008854722201843733,0.8,0.01,3,100,1.0,"{'clf__colsample_bytree': 0.8, 'clf__learning_rate': 0.01, 'clf__max_depth': 3, 'clf__n_estimators': 100, 'clf__subsample': 1.0}",0.38093012741793775,0.37329244633852415,0.333420412834771,0.4397526554481442,0.3932308459625177,0.38412529760037895,0.034280779075593924,68,0.42526876696006954,0.44216014746230065,0.421480301584716,0.4507668669409254,0.4355372059584865,0.4350426577812995,0.01074821323144186
13.361632442474365,0.36656411558404817,0.0267794132232666,0.01893043391290175,1.0,0.01,3,100,0.8,"{'clf__colsample_bytree': 1.0, 'clf__learning_rate': 0.01, 'clf__max_depth': 3, 'clf__n_estimators': 100, 'clf__subsample': 0.8}",0.37226259353613644,0.37695374342155696,0.3165856499063244,0.4506940831067279,0.3948095355496155,0.38226112110407223,0.043085819760083195,69,0.4166150590128876,0.43075441193917163,0.4198892393644709,0.45300521269422434,0.41862210025430613,0.42777720465301206,0.01353473739078832
27.740307664871217,0.5858679370312571,0.02356743812561035,0.01778424712405325,0.8,0.01,5,100,1.0,"{'clf__colsample_bytree': 0.8, 'clf__learning_rate': 0.01, 'clf__max_depth': 5, 'clf__n_estimators': 100, 'clf__subsample': 1.0}",0.35147458900748374,0.3921869809870851,0.3590072099821091,0.41045093900492713,0.3900045896309376,0.38062486172250853,0.022037776882937964,70,0.48408486644538695,0.5249430362489563,0.4882774382118687,0.523663941492033,0.5333976536087792,0.510873387201405,0.02047973454713936
32.17937579154968,1.0431185962416452,0.01597561836242676,0.004549287551610412,1.0,0.01,5,100,1.0,"{'clf__colsample_bytree': 1.0, 'clf__learning_rate': 0.01, 'clf__max_depth': 5, 'clf__n_estimators': 100, 'clf__subsample': 1.0}",0.3447310960337174,0.3944233736657955,0.3618485993544007,0.4178284620606786,0.3830729693479487,0.3803809000925082,0.02538154013597425,71,0.48663222549021584,0.4987168636018031,0.4838544766955531,0.5068389969631739,0.5048164965313111,0.49617181185641146,0.00935646464344438
12.974698352813721,0.220799567414378,0.051395750045776366,0.037874681779988116,1.0,0.01,3,100,1.0,"{'clf__colsample_bytree': 1.0, 'clf__learning_rate': 0.01, 'clf__max_depth': 3, 'clf__n_estimators': 100, 'clf__subsample': 1.0}",0.3728585191245215,0.3753719984978683,0.31768697149222747,0.4344760711302065,0.37721865510690067,0.3755224430703449,0.03696070425117791,72,0.42253894348380794,0.4326520789868227,0.4180386475397538,0.4592145267006177,0.42473862703837667,0.4314365647498758,0.014673969226817081
