fitur_index,chi2_score,p_value
2183,44.280253429707514,2.4247397889026203e-10
735,42.77548187038731,5.145435416419159e-10
2428,41.64233605523718,9.06737586810713e-10
231,33.55024089189231,5.183913629868647e-08
3996,32.19461079955781,1.0210078739791844e-07
2621,32.020975259018456,1.1136111481395573e-07
115,31.737780712482852,1.2830054002653593e-07
4184,29.128924270142427,4.728620523500042e-07
2661,29.053656324505724,4.909968315376463e-07
3653,28.406145416866586,6.787094508298717e-07
2242,26.93689917564005,1.414902989580004e-06
260,24.70141570275094,4.3266895287514e-06
3484,21.866926967630583,1.7850777668671328e-05
893,21.749256424858494,1.893254399026743e-05
656,21.37566079024434,2.2820977136994133e-05
1325,20.949582974535573,2.823942554978035e-05
281,16.352861135234807,0.0002812038891382875
3637,15.978036600773374,0.0003391668799784682
2975,15.866211290843356,0.0003586707771856004
885,15.288095601886273,0.0004788860880002708
1555,14.89400531139491,0.0005831870073657351
970,14.762231701026383,0.0006229054287161193
336,14.401724408097596,0.0007459423764945686
4108,13.797654257843252,0.0010089681248707314
3550,13.761857332350381,0.0010271896857859824
3726,13.613779355633174,0.0011061279694631072
4025,13.583503721438381,0.0011229997108349941
2195,13.490340429179895,0.0011765483965663237
3363,13.222986525941195,0.0013448224756947554
96,13.203105423316053,0.0013582574172531987
2392,13.146323897953943,0.0013973720003935906
3323,13.059277459210161,0.001459533040629889
537,13.019614473853235,0.0014887666746414602
1373,12.820799279453999,0.0016443672162751665
540,12.30215566809683,0.0021311834695600424
313,11.912725150770816,0.002589313295274379
3279,11.550230764008866,0.003103839510763607
2148,11.387487368523479,0.0033669644936283128
2467,11.23035779122462,0.0036421580737489244
3431,11.224476691494814,0.003652883783193752
2908,10.767567799708742,0.004590419338857956
3691,10.324095953695707,0.005729952850359738
4038,10.18536155747855,0.006141533706154377
2082,10.026329757775907,0.006649824079412661
4392,10.017187308250335,0.006680291503580384
3105,9.968172491816054,0.006846030758915133
1909,9.96276021132382,0.006864582168314489
1067,9.751368611700205,0.007629871266472168
3418,9.706694484062385,0.007802217880652513
3095,9.415356838222966,0.009025707187462383
4105,9.06110388988768,0.010774727374921425
4157,8.975897528765707,0.011243683615775702
1403,8.920387567161672,0.011560122908389113
18,8.859555714743024,0.011917136682838647
3962,8.658601740273387,0.013176756534540474
1977,8.52325845116199,0.014099312726590329
3953,8.40819439425577,0.014934262680031412
2075,8.213081950017354,0.016464627700018813
2590,8.201347774229172,0.016561511051532175
1429,8.191320277642554,0.016644754806539264
3892,8.159946096081564,0.01690792134817095
4499,8.03347873113695,0.01801159853454391
2983,7.9741737196653215,0.018553684954240687
4283,7.971135288385228,0.018581893424552853
3537,7.870552319098927,0.01954030234120347
4424,7.848283762873658,0.019759085236432133
742,7.756856370140817,0.020683309980399262
1280,7.726994912585302,0.020994443819444198
3680,7.707931246494489,0.021195516124251565
2376,7.621183624704528,0.02213507526899507
1551,7.532658954586462,0.023136831886321037
2686,7.510544978873147,0.02339407510227757
505,7.49388662802404,0.023589742199285765
2905,7.286222239479936,0.026170796697588754
1123,7.2693772969485755,0.026392150344608997
1479,7.256676353697253,0.026560286252613908
463,7.238181973244557,0.02680703337254883
4244,7.226481980235173,0.026964314021157752
2946,7.215188244431834,0.027117008657966932
2421,7.160356306490876,0.027870732551475253
2136,7.05346297371422,0.029400856075206944
3017,7.024443162812139,0.02983056973008455
1705,7.012251325308648,0.030012969842775638
3225,6.867975108268919,0.03225805323712091
2649,6.856228657016269,0.03244806952008594
1661,6.789931407190682,0.03354170451229316
3443,6.785968332700298,0.0336082345431494
1212,6.71693188480817,0.03478858572528723
3210,6.652319981092077,0.03593081516431932
3335,6.5706082394789735,0.03742920040366467
2645,6.546412707245985,0.03788476018779249
1428,6.54427651363787,0.0379252463968178
1436,6.424317545110389,0.040269586492188404
1878,6.300825863905789,0.042834435507522514
4156,6.235282439428464,0.0442614484164871
4449,6.21895282725895,0.0446243139071831
2314,6.144560761290575,0.0463154175608255
2724,6.110285968721721,0.04711598343989449
3970,6.0975743425249584,0.04741639750109524
638,6.084994431636266,0.047715584478680476
3360,6.044812772548873,0.04868392496318416
3387,6.0246366758601475,0.04917753635341395
892,5.962470895942165,0.050730120708752116
3156,5.934056802657068,0.05145598991962147
3518,5.923681924273199,0.05172360826521422
1979,5.893203264384146,0.05251787809597475
669,5.871678328779761,0.053086152600759606
3459,5.861779641398051,0.05334954548849696
1751,5.8221753136838625,0.054416511179522904
3130,5.798459844751893,0.055065608526087294
4127,5.701434235974272,0.05780285454178912
2231,5.689420783133614,0.058151105351911155
1716,5.630426076498974,0.059891958102995926
1546,5.6224010162864015,0.060132759175702905
4041,5.6124545078925205,0.06043255954645336
1882,5.591251948660819,0.06107662996129613
4378,5.585737960524997,0.06124525020348404
3551,5.57004965307817,0.06172755653034072
1246,5.509607687391948,0.0636214982028043
4236,5.421775892780705,0.06647775182033913
866,5.402294048761903,0.06712847057117258
469,5.3900347062651175,0.06754120971248975
3635,5.365159067663682,0.06838652109194224
2290,5.3484689452511915,0.06895959865404404
1376,5.267809523030611,0.0717975618148274
1305,5.229195575810005,0.07319722358469728
2814,5.217392905903328,0.07363046200391775
449,5.214305332415716,0.0737442195211803
4059,5.199786491858508,0.07428150764439907
2266,5.1874194812838414,0.07474225077539243
3984,5.184285892556655,0.07485944830086559
2169,5.183323964261088,0.07489546167149697
3835,5.163585746037405,0.07563827256650466
4202,5.159471244661553,0.07579403962578307
3870,5.138694602183925,0.0765855163970615
1854,5.117170968724444,0.0774141665817777
4507,5.050153775157499,0.08005215753352589
2966,4.9885650989197385,0.08255565975235028
3857,4.970904966828984,0.08328785960946518
2342,4.911582132172342,0.08579529883809385
1744,4.881488374405558,0.08709601160122972
2443,4.855604163855499,0.0882305431297033
139,4.853647550269702,0.08831690190518884
1739,4.852514759302953,0.0883669383684093
2473,4.760574011194877,0.09252401878798493
2243,4.7407281127627865,0.09344670021719773
1881,4.7407281127627865,0.09344670021719773
3737,4.6967512704314105,0.0955242024109868
1588,4.675788265564513,0.09653070518698391
3981,4.636297302443472,0.09845569280696506
259,4.625511432741549,0.09898809225139164
3270,4.617782360037334,0.09937137546125542
90,4.57294417938324,0.1016243517791332
1192,4.5630623606102105,0.10212771099484952
2839,4.557314341308839,0.10242164921015917
1532,4.523532563373364,0.10416633508251821
573,4.485364017834102,0.10617336426629635
2945,4.44103883418066,0.10855271004618153
3429,4.437877483178115,0.10872443233840398
4081,4.41033692023316,0.11023195405244099
2247,4.409123680882462,0.11029884321070989
4478,4.38250201926007,0.11177682722679828
3920,4.375971013612162,0.11214243138758455
3307,4.3749923606596255,0.11219731907628
16,4.368981376464559,0.1125350344783996
3106,4.368981376464559,0.1125350344783996
1578,4.366604911601549,0.11266883173142271
1019,4.34376138845126,0.11396308552322032
3318,4.328772038503221,0.11482041048120446
1682,4.316049034385732,0.11555316901016416
2455,4.309968643843969,0.11590500776638812
451,4.306396591692921,0.11611220210471093
2018,4.292197430556211,0.11693948323819577
2704,4.269303304981712,0.11828578776024927
4295,4.249122343170393,0.11948539034816756
3564,4.193019141989829,0.1228846005397946
1869,4.16639385651032,0.12453145700876632
340,4.1307705115571025,0.12676944249883243
4504,4.123588879858793,0.1272254664812214
2522,4.1028730020165085,0.1285501085299239
4203,4.098651836913586,0.12882171066451645
4298,4.08572522017945,0.12965702163322163
2350,4.062586437589138,0.1311657853605606
3181,4.050114170086025,0.1319863085286747
3980,4.013601278723111,0.13441803924034793
4043,3.9931026765249555,0.13580281456497628
3477,3.9816993451461586,0.13657932842087084
1867,3.979784763945065,0.1367101371291811
644,3.961832630558446,0.13794278030524548
3775,3.961832630558446,0.13794278030524548
829,3.961832630558446,0.13794278030524548
4312,3.9589714304143957,0.13814026248201283
3844,3.9423143958100884,0.13929557037101348
2333,3.940945297281031,0.13939095769619977
754,3.9377241398032172,0.1396156386937121
2632,3.927336905153936,0.14034263513012055
3975,3.913649464244071,0.1413063949827756
3888,3.904858314279662,0.14192888493575487
3908,3.8963119831322945,0.1425366682152263
2063,3.88820528300057,0.14311559172592386
2089,3.8454141828264072,0.14621062039075522
1159,3.8322328316524183,0.1471774296205122
3026,3.7789252775722586,0.15115301078238294
3547,3.743866875478121,0.15382596119643965
1792,3.7360746287834514,0.15442645515493564
3596,3.728984215713737,0.15497490043437273
750,3.7287214553159793,0.1549952624051637
652,3.727006554316064,0.15512822016460662
2264,3.7096848171279078,0.15647760026172577
3024,3.697225698116015,0.15745542934388151
2263,3.691193811891413,0.15793102278238685
3881,3.689659188981501,0.15805225156943123
1307,3.6869884442432483,0.15826345116272128
1439,3.686884618993281,0.1582716672471675
3107,3.672432193285573,0.15941951430213466
2048,3.6592386520552953,0.1604746446696914
3611,3.6345968900767858,0.1624640642023348
2502,3.6160980144293675,0.16397373650987843
3386,3.5931248482430242,0.16586809347508125
4272,3.578991403664674,0.16704438860862064
3842,3.5749099089227516,0.16738563208293905
3078,3.560436228506937,0.16860136889608712
99,3.543635022276707,0.17002368788508634
880,3.5424079245506785,0.1701280377340658
529,3.5292532224358006,0.1712507176455044
2954,3.518181462632683,0.1722013699721964
1421,3.517677358024736,0.17224477919471268
4048,3.5098679010730107,0.17291866309946904
213,3.508414633045315,0.173044357343032
3337,3.488822479613188,0.17474784325957785
3157,3.4759067208244994,0.17587999547237007
1344,3.4686470928945536,0.17651956719705847
4329,3.4526676113695705,0.17793556196140708
2572,3.4474848497456785,0.17839725872012988
3718,3.442642467917071,0.17882971586146928
1455,3.4348963523002545,0.17952367669659336
3010,3.430487459908301,0.17991986350858832
129,3.4107049071354143,0.18170833113822565
17,3.404152556660644,0.18230461570615236
802,3.400668103595007,0.18262250848489806
1916,3.3827809552153227,0.18426313202165773
3493,3.3780096725278215,0.18470324253171913
4385,3.3767657099911497,0.18481816022339578
2513,3.3763297470509555,0.18485845154888358
3528,3.3706551840053445,0.185383691792661
925,3.3640810149986127,0.18599406627980103
3000,3.3451604984174272,0.18776196740289525
1518,3.336096329624217,0.18861485169760175
1460,3.332848837992864,0.18892136305474258
3057,3.3289301070874506,0.1892918919289863
3372,3.3031647701413354,0.1917462520267216
4488,3.300563438080914,0.19199581212514183
954,3.2977445053190615,0.19226661456624794
778,3.285404522425214,0.19345656515111975
76,3.275540633492482,0.19441303888599348
492,3.2515007286493622,0.19676397512937124
3902,3.2426643929136003,0.19763523467003452
1060,3.238622825333853,0.198035016548889
2971,3.232496194518335,0.1986425903863903
2372,3.232043116208633,0.19868759580848655
2452,3.2299971769248215,0.19889095118267527
3794,3.2233079436938956,0.19955727884680052
2249,3.222108629867121,0.19967698063509326
3593,3.21777974429738,0.20010963809738505
2484,3.2162846272688457,0.20025928769007603
4151,3.2132965951044303,0.20055870189562244
1489,3.209254121601931,0.20096448847189746
1413,3.2054570291487243,0.20134639125850093
4051,3.184095326838006,0.20350846794965588
3257,3.1630113987845405,0.20566519499378116
560,3.1574370954302307,0.2062392146552793
1320,3.154848852887968,0.20650628598397666
3584,3.1486735603875013,0.20714488972742445
3921,3.1476986191308853,0.2072458913926432
2532,3.1471635986927975,0.20730133920254284
831,3.14430477677535,0.20759786989017467
3831,3.130608026145695,0.2090244573452933
1861,3.124151165454568,0.20970036872568562
588,3.079098321838944,0.21447777459601175
3503,3.0673922560657645,0.21573680103142265
4249,3.058715308886215,0.216674802721537
2818,3.0509985831191324,0.21751242762944317
3790,3.0333275956938683,0.21944277253347963
512,3.0306646004500233,0.21973515467312116
257,3.025156826644846,0.22034111442696744
4163,3.013708888891647,0.22160595661341714
2253,3.0108754151339197,0.22192013644725567
2219,3.0090034498666514,0.2221279470794241
3069,2.9953943181530462,0.2236445855050268
3030,2.982789749485226,0.2250585080636766
1355,2.972456419571965,0.22622431905449006
763,2.9587853196920717,0.22777598388447814
2732,2.9562109325603205,0.22806936444367165
1606,2.954482130517771,0.22826659306524863
1884,2.952107649449785,0.22853776135623352
3126,2.9509489275650873,0.22867020557181325
2120,2.94761483312083,0.22905172752199335
256,2.94761483312083,0.22905172752199335
4145,2.9461943008959572,0.22921447299150136
818,2.917225466330744,0.23255867198529434
2080,2.908853460255405,0.2335342036574437
401,2.898669060004912,0.234726439534126
2184,2.896282745263691,0.23500667226316085
2525,2.8884512311493893,0.23592870534919536
1146,2.8851717564381634,0.23631588380935828
127,2.880748983673471,0.23683904778238987
4470,2.8735125247960847,0.2376975379679565
2258,2.873461827093302,0.23770356340389115
1076,2.860344199898882,0.2392677407341051
1062,2.854641946467003,0.2399508968014551
3769,2.8522238398074107,0.24024118568422834
2737,2.851261300659729,0.24035683428412563
1845,2.8487216240902393,0.24066224246275952
1937,2.8478438243961626,0.2407678922673099
4233,2.8343681822344844,0.24239562076110235
1393,2.8336434365558505,0.24248347426733646
1853,2.8323317394157606,0.24264255886919617
3144,2.829684947631783,0.2429638836078481
1798,2.826980072557516,0.24329269938548803
1538,2.816861256997293,0.2445267354751365
2178,2.8150217019078188,0.2447517491409097
1877,2.807269227296439,0.2457023061035492
1444,2.8072390175257578,0.24570601743674034
2993,2.805504909173166,0.24591915025079572
2042,2.7892877171140755,0.2479213157014459
1759,2.7826015653956926,0.24875152241574894
3625,2.780138767204331,0.24905802348934322
4029,2.762786105369301,0.2512283348738442
1423,2.753709477031078,0.25237107909046197
4015,2.746978515511195,0.2532218599417717
895,2.7451756774483327,0.25345022185492183
250,2.740874914889439,0.25399582288214323
624,2.7272401956884638,0.2557333195842878
4219,2.7179479807305107,0.2569242485226425
3674,2.7171764070364453,0.25702338564007476
4336,2.7070393808562967,0.25832941906241563
2050,2.6955543944901623,0.2598171415201157
1379,2.6904117528348266,0.26048607439944926
1896,2.681146628068559,0.2616955918083841
622,2.678945062070392,0.2619838204762861
947,2.677535271289967,0.26216855676588025
3711,2.663708633505455,0.26398729110384805
2604,2.65655752703019,0.2649328812137235
1134,2.655818254407366,0.2650308281279598
1289,2.633641402092939,0.26798595647781087
2759,2.632760875113381,0.26810396688615246
3722,2.6305911087808918,0.26839498619906405
2553,2.6300235929317335,0.26847115620972634
2505,2.6260880575774355,0.26899996518913727
1651,2.6252371728268615,0.2691144335213925
4454,2.622105730440559,0.2695361217302758
2237,2.6148743825324408,0.27051244042670924
800,2.608576388795619,0.27136562588862473
3549,2.5987799120121404,0.2726981001396757
1341,2.581806443077663,0.275022264839868
4207,2.575264597636161,0.27592331424277167
1734,2.5727089175909,0.27627612546703134
2176,2.5689049563212216,0.27680209734313954
1673,2.5645416891801975,0.2774066372936399
2684,2.5590209262640586,0.27817344328318555
3499,2.554496458537394,0.2788034490079209
636,2.549661385997018,0.2794782818459116
2672,2.529579911626133,0.2822985850904335
683,2.527497862715533,0.2825926178422975
2755,2.522967911236606,0.28323340867976804
3049,2.52162909695756,0.28342307061913546
3678,2.517560950235337,0.2840001606597719
2827,2.51707160214095,0.28406965663006756
413,2.5062325872519997,0.2856133535089547
3869,2.5054951476149996,0.2857186842303906
4258,2.5033582943285113,0.2860241168221992
3230,2.4997785448411816,0.28653652259926027
3070,2.485924571429017,0.2885282476444713
1748,2.4850391014020525,0.288656017484086
2409,2.480523577775939,0.2893084702818205
3781,2.4796445369262714,0.28943565521172654
1536,2.4778810545370975,0.28969097509859815
2246,2.475470047784403,0.29004040912680956
3296,2.4741434600799295,0.2902328549640984
238,2.46950812826399,0.2909062978637922
1712,2.4666823393633335,0.29131760825827235
2218,2.465450622631667,0.29149707390146934
462,2.465450622631667,0.29149707390146934
3567,2.463353423039579,0.29180289798922515
4137,2.4629056756598016,0.2918682322937612
4372,2.4457140555037906,0.29438788992123277
783,2.435204591925038,0.29593889080275
4292,2.435140472068721,0.2959483787344188
1143,2.435140472068721,0.2959483787344188
699,2.4338118416129317,0.2961450470667341
3434,2.433496302921582,0.2961917733629264
3061,2.4299621720431936,0.2967156263139204
1824,2.4157253127856104,0.29883531108230643
658,2.4150012683646933,0.2989435156872409
392,2.412011820259403,0.29939068786677103
3444,2.3994750938206337,0.301273271637994
2820,2.393633528070822,0.3021545117795319
2806,2.389254133300591,0.3028168636342863
3815,2.386054060239492,0.3033017695082724
1666,2.379995735556626,0.3042219127345726
2770,2.3799246162091676,0.3042327309588757
1235,2.3688493914242237,0.30592212719366163
1330,2.3675488527087696,0.30612112367247035
2445,2.366949874005918,0.30621281741922185
3860,2.3608792369359226,0.3071436828814998
665,2.35295082105515,0.30836368087319804
2303,2.351245065468347,0.30862678959274953
4246,2.3508687153120404,0.30868487092755975
1814,2.350491003335565,0.308743173419127
382,2.338722763448195,0.3105652105688751
942,2.336726942759989,0.3108752814907791
2182,2.3366080976478063,0.31089375504349837
4154,2.325866976631054,0.3125679203456812
1257,2.325124567004114,0.31268396859975245
2188,2.323888517036284,0.31287727483230454
1242,2.320118255804947,0.3134676456502555
1743,2.319302748929946,0.3135954892228712
2609,2.319115137508356,0.3136249076504266
104,2.314398491093039,0.31436540937663826
224,2.314071543459366,0.314416804090721
1072,2.3131124304878257,0.3145676208680493
4084,2.3074006280986463,0.31546727896810667
731,2.3051590545668135,0.3158210487326561
651,2.302474610356023,0.3162452353382505
1718,2.3022121376713183,0.3162867409296839
4448,2.3022121376713183,0.3162867409296839
1228,2.3000022255211845,0.3166364170383301
2454,2.2945588504769048,0.3174993762435856
2096,2.2888916118146545,0.3184003244830642
3251,2.285552903600644,0.3189322912693436
3587,2.284398408830174,0.3191164472472105
1456,2.281560449185278,0.31956958846995814
3269,2.281560449185278,0.31956958846995814
1772,2.2803888233482748,0.31975685130838366
4067,2.2794272968122593,0.3199106156163405
1872,2.2789747737672297,0.3199830072687125
660,2.276185725975221,0.32042954249832345
4412,2.273320743946743,0.32088888386128783
545,2.2680984327096203,0.3217278695577307
329,2.2613159585813873,0.3228207771404711
3485,2.257861635220163,0.32337882259509143
317,2.243933466627659,0.32563871989947446
4155,2.2407321487934677,0.3261603738038424
71,2.233957668039793,0.32726703058949624
380,2.230500861565302,0.32783316910149013
860,2.229411546857943,0.32801177448277313
2981,2.224437884503983,0.32882849949768056
4418,2.222033045840938,0.32922412704967347
4175,2.2213795997802803,0.32933170972803283
3114,2.2213245066594656,0.32934078180882054
1604,2.2151080102845553,0.33036604726123336
4368,2.2150048411530716,0.3303830894898714
171,2.2149840116336375,0.330386530368281
3655,2.2138174295994384,0.33057929807798675
2702,2.212596881568248,0.33078110360576896
4282,2.2010206463344018,0.33270125520976884
2371,2.1976558110837923,0.33326146878995383
1171,2.196672585005539,0.3334253447519286
3995,2.1946536556889815,0.33376209579417165
2718,2.1928523866472274,0.33406282886436833
3506,2.1909194913356265,0.334385839163346
2501,2.185643870601007,0.33526904995574675
1799,2.184469496280979,0.3354659734468457
950,2.180163627170912,0.3361889877550894
3778,2.1768068213067338,0.3367537221312168
2613,2.174944822203936,0.33706738568311
1918,2.1738827275365176,0.3372464319563727
905,2.173277543669962,0.33734849544722506
2623,2.172764728340554,0.33743500527755194
3766,2.165825484474269,0.338607810591848
1641,2.165825484474269,0.338607810591848
3260,2.1599429151211753,0.33960521866798515
4056,2.1584255306597666,0.33986297227436063
158,2.1556675191258323,0.3403319685730833
2489,2.1522449153745953,0.34091487793391995
685,2.147869625585259,0.34166149499488657
3636,2.1475820967119867,0.3417106172981702
976,2.1432674994397036,0.34244858486883506
3789,2.139583463179302,0.3430799626970046
1898,2.1394664731838806,0.343100031745601
719,2.1351270806387617,0.3438452627757356
1672,2.1351270806387617,0.3438452627757356
2469,2.1351270806387617,0.3438452627757356
2762,2.1350699858479265,0.34385507880252486
1233,2.1282105237640807,0.3450364339473941
2557,2.1272679164299872,0.3451990892109784
3985,2.126533784015536,0.34532582338988704
2104,2.123802614590054,0.34579771718736796
277,2.123802614590054,0.34579771718736796
4136,2.1231426677536285,0.34591184006984166
414,2.114668924511119,0.34738053326369417
2301,2.107670433982123,0.3485982322208195
2601,2.104972503165232,0.3490687964936363
443,2.104972503165232,0.3490687964936363
3954,2.1009103735836394,0.3497784983169796
55,2.0965578811459573,0.35054053133636026
1944,2.0963485859885527,0.3505772164736736
41,2.094758301664341,0.35085608605535357
3008,2.0938322511262113,0.3510185789052471
3609,2.093097190067453,0.3511476126598437
64,2.092427738986826,0.35126517040791383
3510,2.089609655970077,0.35176046647787884
2037,2.0840206177799203,0.35274484260667904
721,2.0822741053719476,0.35305301376551407
1203,2.0812078608169395,0.35324128437346086
3662,2.0812078608169395,0.35324128437346086
3066,2.075661591645003,0.35422222951415216
3882,2.070827131422193,0.35507950184829246
3271,2.070156448707084,0.3551985946577382
3802,2.070156448707084,0.3551985946577382
916,2.070156448707084,0.3551985946577382
1464,2.070156448707084,0.3551985946577382
1895,2.070156448707084,0.3551985946577382
4297,2.0681968682181107,0.3555467853246936
2315,2.0663457392777103,0.3558760191367399
4384,2.0663457392777103,0.3558760191367399
2318,2.0641508366234773,0.3562667901330842
3289,2.064056355404816,0.35628362079087644
377,2.0615908318949474,0.356723104446161
806,2.059500577845671,0.3570961202934485
3489,2.056862433692801,0.35756746661587363
1486,2.0560764493637915,0.3577080154440207
887,2.0560671375040913,0.3577096809113245
4160,2.055492167615899,0.3578125318422827
968,2.048310049811203,0.35909976760653456
2560,2.046629281738352,0.35940167616051133
1789,2.0464895204214306,0.35942679226384805
1593,2.0451085445062707,0.3596750578378685
3943,2.0451085445062707,0.3596750578378685
555,2.042000301145181,0.3602344712288496
3526,2.0374729031277017,0.3610508573218595
1093,2.0308746935259303,0.3622439689566137
3474,2.028277386072753,0.36271470403160533
3115,2.022477349299363,0.36376811005256493
3670,2.0185545492775425,0.3644823050096247
2936,2.0174816148661825,0.3646778902711617
13,2.012382702827688,0.365608806674589
1042,2.0118259788523836,0.3657105924347041
1791,2.010939946811975,0.3658726439789757
419,2.0082322252176916,0.3663683200709078
3698,2.007507934604667,0.366501022665837
2180,2.005404841026814,0.366886618339775
4090,2.0038346770652273,0.36717476750838746
3112,2.0038346770652273,0.36717476750838746
1210,1.9979206747771092,0.36826211056100716
2696,1.9978863547046686,0.3682684300063838
696,1.99649612938051,0.3685245070460108
266,1.9936742992097203,0.3690448308123488
3072,1.9894613676410713,0.3698230304590491
1954,1.9892417227462365,0.36986364755965945
1732,1.985825677088901,0.37049592292985506
2790,1.983252939478517,0.3709728239971284
70,1.9831620514671602,0.3709896828713133
3994,1.979448954897487,0.3716790828849295
489,1.9789719065562221,0.3717677479038707
3709,1.9784071535029697,0.3718727412123606
2497,1.976324131108623,0.37226025259995205
33,1.9739104113331287,0.37270978977624775
2151,1.9735424435547153,0.37277836868142966
1015,1.9724009650376049,0.3729911886577569
2106,1.9718290894327173,0.3730978561879856
2067,1.9706151738890563,0.3733243795695613
1106,1.96973785589261,0.37348817759102715
478,1.9654020907934975,0.37429873437219424
28,1.9568247321220356,0.37590742874114047
987,1.9538360422637975,0.37646958402343494
81,1.9538360422637975,0.37646958402343494
3235,1.9493284282132215,0.37731903070158546
2334,1.94755583265412,0.3776535959610012
2191,1.94755583265412,0.3776535959610012
2810,1.9460631354218458,0.3779355624092712
328,1.945888201992898,0.3779686206369242
707,1.94477491399029,0.378179073170419
1087,1.9440469402789415,0.3783167504369816
2448,1.9416636936836722,0.37876783019588633
1722,1.9396559311972659,0.3791482590368887
4243,1.9382613405219,0.37941272954651645
2172,1.9346067208107487,0.38010666799373766
3822,1.934605451203645,0.3801069092868771
467,1.934605451203645,0.3801069092868771
2850,1.934605451203645,0.3801069092868771
200,1.9331133505820794,0.38039059397304736
2533,1.9310236697554015,0.3807882491454053
2260,1.9292231034882386,0.38113122074618555
4140,1.9292231034882386,0.38113122074618555
4139,1.9292231034882386,0.38113122074618555
2374,1.9287004024880883,0.38123084259886536
4388,1.928375128674403,0.38129284984609524
58,1.928375128674403,0.38129284984609524
143,1.928375128674403,0.38129284984609524
2074,1.927892419559916,0.38138488771948326
3471,1.9255065329291183,0.3818401297568667
2537,1.9214687440047689,0.3826118033819655
1758,1.9206684773964302,0.3827649297405017
2149,1.9200754383701362,0.38287844383985914
3371,1.9200754383701362,0.38287844383985914
1239,1.9148758805816604,0.3838751381682767
1304,1.9119860866798999,0.3844301990912843
1580,1.9108538390600573,0.3846478957960725
2228,1.909951051617709,0.3848215626342089
4217,1.9098361506968655,0.384843671445237
1266,1.9078404757945648,0.3852278745276769
164,1.9030561029094206,0.386150514549911
2982,1.900372810455694,0.3866689396245165
2549,1.900153676783787,0.38671130803783677
1820,1.8953774826065983,0.38763591577378936
2803,1.8945027722151846,0.387805487434416
2554,1.8921566149391187,0.3882606807039876
1703,1.8882599610912607,0.3890178768349857
1509,1.8822053893539938,0.3901973295256519
3261,1.8806313845640332,0.39050453662901025
3262,1.8806313845640332,0.39050453662901025
518,1.880243422718316,0.3905802944069503
517,1.8801723302708848,0.39059417830823284
2570,1.8799888390563888,0.3906300152522252
2244,1.8785006232047785,0.39092079431471727
3007,1.8780776804611454,0.3910034716129955
2226,1.877416776504096,0.3911327008346499
3065,1.877416776504096,0.3911327008346499
1796,1.877416776504096,0.3911327008346499
4436,1.8766953332453304,0.391273816309972
354,1.8759479516335733,0.3914200590607919
2847,1.873993804904755,0.3918026920746179
3283,1.8738971695625408,0.3918216235255905
4070,1.8730888551090206,0.39198001307132313
634,1.8711258429614444,0.39236493270453393
21,1.8703648355465843,0.3925142574235965
1045,1.8703648355465843,0.3925142574235965
561,1.8695012459938405,0.3926837796263704
3046,1.869115390593402,0.39275954651341777
956,1.868449603871274,0.39289031532377344
3243,1.8653069626815335,0.39350815725451843
91,1.8639747162346119,0.39377036949982414
538,1.8634912829240045,0.39386556186082333
1020,1.8589761963332352,0.39475573484324533
1091,1.8576106405028217,0.3950253573765785
3918,1.85419811237626,0.39569995030112326
359,1.85419811237626,0.39569995030112326
4320,1.8538381896229938,0.3957711674168859
581,1.852744580378928,0.3959876360981408
3239,1.8495988034582704,0.3966109705706825
227,1.8487746945846126,0.39677442955548836
3649,1.8479956765489458,0.3969290068765217
1395,1.8471541209593794,0.3970960609325745
2777,1.8458249147252543,0.39736005993000445
1448,1.842175268220196,0.3980858338101164
996,1.8357984729500298,0.3993571153397336
3963,1.8319730723672167,0.400121696785099
243,1.8285869385222275,0.40079970338821747
2556,1.8244211679352103,0.4016353932169439
1031,1.8237994151324908,0.40176027159251015
402,1.8226223609126646,0.4019967879953592
4078,1.818253758542375,0.4028758297522726
1684,1.8167424802356393,0.40318037355129743
673,1.8165050814988404,0.4032282336474141
2898,1.8163021892087305,0.4032691416722408
79,1.8163021892087305,0.4032691416722408
2923,1.81563395846349,0.40340390260337244
2458,1.8105240281986799,0.4044359033103164
2699,1.8093663494288952,0.4046700745070343
3647,1.8083772279039803,0.404870257944983
967,1.8079678361057123,0.40495314170915964
3542,1.8059431164762527,0.4053633075793661
1567,1.8024601617026375,0.40606985365139636
2161,1.7993427416519452,0.40670329234864844
3322,1.7964983584666778,0.4072821138516991
3339,1.7955439285951926,0.4074765213428796
539,1.787811782448315,0.4090549044563849
46,1.7845830610470783,0.4097157999368467
3084,1.7841946140313198,0.4097953841050518
1807,1.78384151250122,0.40986774018070193
3863,1.7825661352664977,0.4101291915266525
1138,1.7820960522788687,0.4102256002340652
3169,1.7814043306684857,0.41036750572883207
332,1.7810397249223475,0.4104423237237014
2921,1.7801951170482537,0.4106156917373611
4146,1.7779170412466925,0.4110836650419747
1573,1.774468229585275,0.4117931516565003
2873,1.7725215958718137,0.4121941519910294
2881,1.768165849481744,0.4130928368414085
858,1.7673407942412163,0.41326328420104363
4075,1.7668270886684136,0.4133694456604575
2254,1.766813530065508,0.4133722480260401
416,1.7655349880316966,0.413636589407286
747,1.7654657772548785,0.4136509037097972
1543,1.7638890745433329,0.41397713453591445
1729,1.7612414926280868,0.4145255166148114
2559,1.7602318155951613,0.4147348378939314
2819,1.7593676959999507,0.41491406686007914
3224,1.7508522724846236,0.4166844175079284
385,1.7499263917968406,0.41687736219295735
4061,1.7407226942373124,0.41880018966078403
1153,1.7397912848842672,0.418995272289558
3612,1.7390026452479161,0.41916052300781925
4480,1.7290394349766651,0.4212538248945866
2132,1.7250446609352972,0.4220960726842302
2093,1.7232195572118363,0.422481433045102
1036,1.7215487525669664,0.4228345224807859
886,1.7209720739303316,0.422956459877587
2746,1.7112931332736343,0.4250083060350479
3687,1.70947396548652,0.4253950626119567
2961,1.705422936479739,0.42625757970650235
1964,1.705122368767091,0.4263216441531733
513,1.70474677957661,0.4264017125717521
2598,1.704249847609212,0.4265076720558356
2408,1.7030554837984262,0.42676245078715147
1770,1.699470106445443,0.42752818916041135
2927,1.6987460765086375,0.4276829887825011
576,1.693833156142857,0.4287348664341928
3088,1.691351311568624,0.42926722332366507
2245,1.6913489401642998,0.42926773230704174
4115,1.6913147274638944,0.42927507557400935
703,1.6911094487570226,0.4293191383514614
847,1.6911094487570226,0.4293191383514614
1553,1.6911094487570226,0.4293191383514614
1671,1.6911094487570226,0.4293191383514614
3305,1.691094011406681,0.4293224521392237
3018,1.6909296414231658,0.4293577374513562
2840,1.6909296414231658,0.4293577374513562
3346,1.6896168852022229,0.4296396509825945
303,1.6882308866698668,0.42993749413606974
1011,1.6852464239973957,0.430579539258228
3266,1.6845610051055888,0.4307271282221661
1625,1.6830732181024308,0.43104766254072124
1771,1.68212231629125,0.43125265326988105
1517,1.6740295494760535,0.4330012021142905
4113,1.6739213166164126,0.4330246352275091
194,1.671943610565658,0.43345304473022395
1314,1.671700692110308,0.433505694799624
4278,1.6675070936806131,0.43441562283492674
4119,1.6651673704881302,0.43492412637027356
618,1.6647778896360468,0.4350088319274691
736,1.662700874900337,0.435460826463713
1738,1.6623210819713812,0.4355435267870781
4474,1.6592088900656354,0.43622180190012394
3497,1.6584879998435036,0.43637906425648043
210,1.6565301361787146,0.4368064587743895
3624,1.6561166233031739,0.43689678065879456
3605,1.6551701936676548,0.43710357561459356
1029,1.6551701936676548,0.43710357561459356
299,1.6528201519949026,0.43761748329058037
2836,1.6528201519949026,0.43761748329058037
1387,1.6528201519949026,0.43761748329058037
1158,1.652341283813575,0.4377222763797691
3960,1.650261764137823,0.4381776391158103
2000,1.6468581900099222,0.438923959012426
2024,1.6443881448663515,0.43946637488808404
553,1.644073908470641,0.43953542847757
1584,1.6419054213352848,0.4400122503874958
3607,1.6404744165240572,0.440327192868763
3354,1.6393118506172009,0.44058322196537403
2822,1.6372396843471446,0.44103993936897257
4434,1.6343530032534799,0.4416769698115799
598,1.6343530032534799,0.4416769698115799
3701,1.6334997916615,0.44186543196352157
2800,1.6323373316079381,0.44212233207217166
1371,1.6323373316079381,0.44212233207217166
3351,1.6293096706744676,0.44279213718626564
1493,1.620709038611799,0.4447003834025337
27,1.6199527776726175,0.4448685699635645
1049,1.6183121841328068,0.4452336439285639
1933,1.6170489266648418,0.4455149551241696
3096,1.6143260640840966,0.44612190619174363
3273,1.6115225272513038,0.44674770429924504
3274,1.6115225272513038,0.44674770429924504
3172,1.6115055804292857,0.4467514897921987
1190,1.6110543149335605,0.4468523029313973
186,1.6110543149335605,0.4468523029313973
530,1.608827872412061,0.4473500254016527
1695,1.608827837212412,0.4473500332749347
3414,1.6069068637112405,0.4477799134688365
4229,1.6056033474920408,0.4480718527853298
1542,1.6040749339359421,0.4484144032052868
1508,1.6038889264909058,0.4484561093533994
2224,1.601209332757532,0.4490573521252095
83,1.599957894799133,0.44933842375994093
4208,1.5988459740573682,0.44958830757297863
3692,1.5953708161924132,0.45037018183190747
2635,1.5952597901435979,0.4503951839367688
4005,1.5917871142202191,0.45117790152688353
2582,1.5917250944942487,0.45119189270872295
3043,1.590936564440819,0.45136981696470624
2299,1.5901373172677051,0.45155023103628344
2518,1.5894263421913748,0.4517107800511686
1071,1.5879083495478579,0.452053757014388
4327,1.5865583838464876,0.4523589885493977
2002,1.5827620176585273,0.4532184641968793
1037,1.5827620176585273,0.4532184641968793
4307,1.5770749426431847,0.45450904193248876
438,1.5757205187907335,0.45481694512235127
166,1.5728401527862261,0.45547243665643866
3586,1.571236035698909,0.45583789875706815
730,1.570382300402129,0.45603252274534445
3677,1.5680449094322664,0.45656579745283243
296,1.567736839164154,0.45663613004335446
985,1.567388784998647,0.4567156040120566
2277,1.5673815509973714,0.45671725595567525
4343,1.5663781425165908,0.4569464504287595
2789,1.5657224615860847,0.4570962805245061
2433,1.562545621172245,0.4578229184433954
2013,1.5617948622019464,0.45799480803470516
88,1.559817912402413,0.45844774822979806
1357,1.5586763130323402,0.4587095047582581
4112,1.5546392262940865,0.45963636492645765
3553,1.55402269598271,0.45977807664332193
3295,1.55296724004931,0.4600207784274688
3702,1.550588341928226,0.46056827525544375
2787,1.5476912046442661,0.46123592346685405
1561,1.5465492503630942,0.46149935383477303
429,1.5465492503630942,0.46149935383477303
3193,1.5465492503630942,0.46149935383477303
2279,1.5456634374949143,0.4617038001398649
440,1.5449071741903349,0.46187841797286433
4200,1.5440242789266687,0.4620823581178084
3384,1.5437589094314712,0.4621436734665808
2047,1.543334722464915,0.46224170152324995
2985,1.5414096809595468,0.4626868329434709
1165,1.5414096809595468,0.4626868329434709
3123,1.5414096809595468,0.4626868329434709
4364,1.5414096809595468,0.4626868329434709
3085,1.5413533381886124,0.4626998676561944
2035,1.5408158884828216,0.4628242233180454
367,1.5382671521608258,0.46341440774863185
2121,1.5373338465386732,0.4636307118502342
1023,1.5363194256717856,0.46386592983201413
4247,1.5324042339506954,0.4647748812455913
3914,1.5319958974526788,0.4648697832069322
4220,1.5291936723598407,0.46552157460255705
1994,1.5288566438187152,0.4656000282412257
273,1.5282742355296155,0.4657356326424755
1917,1.5251805427388399,0.46645661160512786
1172,1.5246050397637867,0.46659085450235427
297,1.5229255252698968,0.4669828421179655
2406,1.5229255252698968,0.4669828421179655
421,1.5229255252698968,0.4669828421179655
1905,1.5229255252698968,0.4669828421179655
569,1.521308032595485,0.4673606655421282
879,1.521033372606767,0.46742485258699307
3355,1.5207883717312847,0.4674821158433614
3740,1.519341077420139,0.46782053037836246
1617,1.518518043533129,0.46801308607038017
4241,1.518223702137511,0.46808196895148757
2152,1.5177154251595502,0.46820094171293436
619,1.5153323002250116,0.4687591648950674
3054,1.5153323002250116,0.4687591648950674
1328,1.5149863930205738,0.46884024549259795
221,1.5149863930205738,0.46884024549259795
3454,1.5145975056039234,0.4689314173921575
1131,1.512604703064323,0.4693988941104178
3055,1.512604703064323,0.4693988941104178
2964,1.5108508922431934,0.4698106930683552
404,1.5103557933580567,0.469927008839895
1040,1.5086176159022724,0.4703355946291442
3037,1.5076255617610381,0.4705689516872793
911,1.507303158814109,0.4706448142100689
4406,1.502312319589195,0.4718207371102662
3554,1.4982336458264358,0.4727839203345766
3871,1.4979725626650062,0.47284564232342874
3786,1.4976512616813853,0.4729216113104828
1430,1.4956785809522455,0.4733883031056376
1052,1.4947634734527038,0.47360495325958685
1002,1.4947634734527038,0.47360495325958685
2720,1.493643148856726,0.47387032321672695
3671,1.4914746978659923,0.4743843841312726
657,1.4910393938439825,0.4744876460836466
3117,1.4910393938439825,0.4744876460836466
4390,1.4910393938439825,0.4744876460836466
1240,1.4908063551046684,0.4745429363062066
3534,1.489580219946598,0.47483395239246506
3073,1.4886669739609606,0.47505082200295545
3507,1.487952271561998,0.47522061231959245
962,1.4869185793547777,0.47546629172517774
268,1.4833290741510423,0.4763204023186898
4393,1.482090267971905,0.47661552803896634
1613,1.482090267971905,0.47661552803896634
1706,1.4806159830998997,0.476966991093593
1627,1.4806159830998997,0.476966991093593
3250,1.478901112290353,0.4773761348607739
448,1.4783302390882613,0.4775124149308636
4397,1.4781205031684712,0.4775624933094049
2069,1.4769272765272845,0.4778474984648111
1372,1.4734078386804996,0.4786891160383606
284,1.4734078386804996,0.4786891160383606
3147,1.4728596853268756,0.47882033154124337
862,1.4721973135898332,0.47897893633099353
710,1.4721973135898332,0.47897893633099353
2312,1.4721973135898332,0.47897893633099353
3952,1.4721973135898332,0.47897893633099353
3079,1.4696824963948232,0.4795815873734578
2026,1.4696824963948232,0.4795815873734578
1111,1.46959769888015,0.47960192146787106
4338,1.4649052764705681,0.4807284899368548
3792,1.4617378604715963,0.48149042667534947
1251,1.459627520740204,0.481998749000235
2754,1.4572697999206976,0.4825672932943188
949,1.4572697999206976,0.4825672932943188
1587,1.4572697999206976,0.4825672932943188
4506,1.4571575968412604,0.4825943668219167
357,1.4571539648055745,0.48259524322269376
3005,1.45553458196989,0.48298615468689476
3044,1.4552083924730816,0.4830649336163161
1787,1.4539189933158418,0.4833764657870039
4334,1.4539189933158418,0.4833764657870039
325,1.4539189933158418,0.4833764657870039
2062,1.4539189933158418,0.4833764657870039
1957,1.453608798810232,0.4834514419630671
2919,1.451188146721228,0.48403693007881177
3481,1.4507677397799361,0.48413868701589124
2884,1.4502152709501337,0.48427244125574176
3634,1.4502152709501337,0.48427244125574176
2690,1.4502152709501337,0.48427244125574176
4341,1.4502152709501337,0.48427244125574176
3932,1.448502307659115,0.48468738938546585
181,1.4473834422060532,0.48495861523245865
3195,1.4473834422060532,0.48495861523245865
2592,1.4462915100251443,0.4852234584827876
550,1.4419439811804038,0.486279367206359
4191,1.4413534976566393,0.48642295837951266
4490,1.4410982150983798,0.48648504999076037
3736,1.4405495411867453,0.486618529126718
4487,1.4394351809651886,0.4868897388419967
1983,1.4388927235224738,0.4870218152339508
4493,1.438526036909963,0.4871111156098372
3463,1.4383496770488884,0.4871540709280463
556,1.4378011030306967,0.4872877092879252
3218,1.4372844696742484,0.48741360008947476
3946,1.4365408319235065,0.4875948633625653
1151,1.4357933410669261,0.48777713377284937
3440,1.4346447776118207,0.488057335717621
525,1.4336664159501122,0.488296142415679
2586,1.432749394595207,0.4885200827463285
3956,1.4318516238737944,0.4887394214851759
1016,1.4296823457384502,0.4892698149463668
1942,1.4288754416459293,0.4894672516798293
1574,1.428181891219963,0.4896370162236454
2717,1.428159053513506,0.4896426073487913
109,1.428159053513506,0.4896426073487913
4301,1.4245992023540124,0.4905149108378939
3405,1.424215644098802,0.49060899038052974
2377,1.4239777079079203,0.4906673606697537
562,1.4220409162438836,0.4911427510426103
2826,1.4147929894958442,0.49292586339925615
1816,1.414710818663023,0.4929461158796514
3294,1.414710818663023,0.4929461158796514
2119,1.413973700589487,0.4931278291092679
2546,1.413973700589487,0.4931278291092679
4511,1.4138803444501615,0.49315084790165997
2223,1.4138591146112083,0.49315608268598354
1932,1.4138591146112083,0.49315608268598354
1103,1.4138591146112083,0.49315608268598354
3019,1.4132170851171828,0.49331441847380675
4045,1.4132020991857077,0.49331811487569055
3442,1.4108738757511272,0.49389272666483675
3258,1.4104201611010987,0.494004782557521
2194,1.4099953895732644,0.494109713283145
3705,1.4093362110134233,0.4942725933880414
1287,1.4083745255905367,0.49451031791151046
2101,1.4083745255905367,0.49451031791151046
2167,1.4074248857730391,0.49474517700901144
1764,1.4074248857730391,0.49474517700901144
653,1.405823010204935,0.4951415958469765
2413,1.4055616397204647,0.4952063077747253
3286,1.4044163944476504,0.4954899553200006
3196,1.402752454586583,0.49590235959389795
953,1.402711781398417,0.49591244466143736
2683,1.3995477133396166,0.49669761594457684
3164,1.3990432299247637,0.49682291960203706
2039,1.3975591586756009,0.4971917167208685
1096,1.3968138304927056,0.49737703674917055
901,1.3962265338284852,0.497523112132789
999,1.3962265338284852,0.497523112132789
338,1.3960513703978843,0.4975666879685464
4117,1.3958192031643777,0.49762445066184813
1259,1.3953044636660852,0.49775254062441765
1677,1.394898514487047,0.4978535819961015
4234,1.3925595136844755,0.4984361625577266
47,1.3892196721556078,0.49926920682069453
1980,1.3885832760695473,0.4994280985834336
3713,1.387675312545492,0.4996548813053495
2597,1.387675312545492,0.4996548813053495
2292,1.384994177765241,0.5003251515163585
1189,1.3846371305380614,0.5004144793437031
2504,1.3842970035259754,0.5004995888213379
2893,1.3842554366449087,0.5005099910328756
2694,1.379744787596447,0.5016400773669724
3288,1.3796964993644982,0.5016521891693915
908,1.37764064559079,0.5021681160646227
713,1.37764064559079,0.5021681160646227
1822,1.3764545060309117,0.5024660251304095
3957,1.3761534743635917,0.5025416599150415
2262,1.3759740789439616,0.5025867387727274
4033,1.3753675461717627,0.5027391795506103
1363,1.372725356081749,0.5034037846962669
535,1.372725356081749,0.5034037846962669
72,1.372725356081749,0.5034037846962669
4395,1.3708282902764717,0.5038815062808668
3942,1.3698986264471187,0.5041157809311505
2685,1.3687587514621944,0.5044031773064501
714,1.3687587514621944,0.5044031773064501
2545,1.3687587514621944,0.5044031773064501
2584,1.3671433560638457,0.5048107471666785
2422,1.3661551131350516,0.5050602466287553
1998,1.36517300514759,0.5053083193835106
1490,1.36517300514759,0.5053083193835106
1969,1.36517300514759,0.5053083193835106
2487,1.3604471083743566,0.5065037486741728
3891,1.3604471083743566,0.5065037486741728
1311,1.3604471083743566,0.5065037486741728
1167,1.3602779232100486,0.5065465969464413
4069,1.358991739182764,0.5068724577854966
3866,1.358991739182764,0.5068724577854966
663,1.358991739182764,0.5068724577854966
2779,1.3586873032890079,0.506949618742842
1803,1.3580704641932142,0.5071059960287274
4428,1.3580311258859918,0.5071159704725544
701,1.3575402869059277,0.5072404418886458
49,1.355940211933476,0.5076464156321392
170,1.3551621378874013,0.5078439473035077
3155,1.3541548623841173,0.5080997811056855
1585,1.3535425141385962,0.5082553719281667
2575,1.3534769561528137,0.5082720323004435
3047,1.353398828128705,0.508291887833056
50,1.353321561594556,0.5083115251886356
3784,1.3524244037164899,0.5085395941829526
3580,1.3524244037164899,0.5085395941829526
3390,1.3523167905858495,0.5085669576880063
1457,1.351384996001161,0.5088039528599865
1541,1.3491312645807478,0.5093776297553874
2776,1.3491312645807478,0.5093776297553874
3602,1.3491312645807478,0.5093776297553874
457,1.3491312645807478,0.5093776297553874
2796,1.3482038135965526,0.5096138959244978
1353,1.3478036626686216,0.5097158673618196
282,1.3478036626686216,0.5097158673618196
1913,1.3478036626686216,0.5097158673618196
1140,1.3446130050897624,0.5105296807368028
3227,1.3432097184769585,0.5108880161671385
582,1.3408346668145268,0.5114950692574688
4082,1.3408346668145268,0.5114950692574688
4232,1.3408346668145268,0.5114950692574688
1245,1.3400954686364202,0.511684152309431
4058,1.3397846601687682,0.5117636763721093
1813,1.3397846601687682,0.5117636763721093
3795,1.3388719259910635,0.5119972817721294
2113,1.3388719259910635,0.5119972817721294
2915,1.3388719259910635,0.5119972817721294
3410,1.3386389906230627,0.5120569163824371
4317,1.3379718528160456,0.5122277511375657
4514,1.3379718528160456,0.5122277511375657
4124,1.3379718528160456,0.5122277511375657
3997,1.3360079032619536,0.5127309929142128
386,1.3304288857308162,0.5141632572415269
4299,1.3301565924172865,0.5142332636154905
1459,1.3286546690918262,0.5146195781177019
1419,1.3276129298052624,0.5148876976553839
473,1.3271954755809365,0.5149951798944421
1549,1.326206011490773,0.5152500275484513
1741,1.3238400433982538,0.5158599207867346
4256,1.3231175429604494,0.516046308960399
479,1.3223307647083067,0.5162493559025044
1276,1.3210428206580838,0.5165819131129651
2276,1.3210428206580838,0.5165819131129651
1401,1.3202085004001738,0.5167974554451629
192,1.3202085004001738,0.5167974554451629
715,1.3202085004001738,0.5167974554451629
1055,1.3191974733526237,0.5170587695912955
184,1.3186558233468366,0.5171988209979215
579,1.3184327435256065,0.5172565125255799
2771,1.318118497142717,0.517337791904894
1900,1.317944333441348,0.5173828445988498
2418,1.317016423528139,0.5176229426270917
3826,1.316679002236793,0.5177102784949957
1992,1.3153273083870456,0.5180602896583535
863,1.314250783016675,0.5183392172423736
308,1.3138344349157594,0.5184471332490044
3038,1.3116210790446183,0.5190212048497275
294,1.3116210790446183,0.5190212048497275
4050,1.3116210790446183,0.5190212048497275
1690,1.3107817686915393,0.5192390604940034
1317,1.3105760780849058,0.5192924645388044
2989,1.3105760780849058,0.5192924645388044
4131,1.3097157339294176,0.5195158977111425
837,1.3095610013087715,0.5195560922941358
2564,1.3079649482149733,0.5199708773311122
3494,1.3077516169471681,0.520026343312458
3712,1.3063194755665752,0.5203988522905496
2017,1.3053472076373716,0.5206518973497032
4323,1.3052700807827577,0.5206719758584444
1715,1.3051051690037712,0.5207149100994142
4240,1.3051051690037712,0.5207149100994142
4321,1.3051051690037712,0.5207149100994142
2716,1.304714806229137,0.5208165538771283
1316,1.304714806229137,0.5208165538771283
3714,1.304714806229137,0.5208165538771283
1331,1.304714806229137,0.5208165538771283
4030,1.3045658232178097,0.5208553517314385
3613,1.3016240634832754,0.5216220310904505
2652,1.3011504288930789,0.5217455748369872
1948,1.300395974608342,0.5219424285561751
3134,1.2999023298886614,0.5220712715181
1066,1.2999023298886614,0.5220712715181
1028,1.2995002795042332,0.5221762315452576
253,1.2995002795042332,0.5221762315452576
300,1.2995002795042332,0.5221762315452576
2001,1.2994665855129983,0.5221850287200447
3623,1.2993943069309244,0.5222039004577765
4213,1.2977878917719916,0.5226235070817025
2768,1.2972483324520905,0.5227645192939834
2313,1.2967755148078441,0.5228881200478162
4362,1.296527469750645,0.5229529739762302
2229,1.2962860595723635,0.5230161008713625
2321,1.295912032467312,0.5231139211169853
826,1.2945368789316847,0.523473725778553
3389,1.2933973661414038,0.5237720632632779
1342,1.2924571113655046,0.5240183607463207
1694,1.2924571113655046,0.5240183607463207
1268,1.2924276797554648,0.5240260721550838
1753,1.2898241238202623,0.5247086819570671
3441,1.289750425392821,0.5247280174156754
3640,1.2891988179158347,0.5248727593238329
1446,1.2889517937534278,0.5249375914543973
2105,1.2883709317026595,0.5250900717587799
1740,1.2883353091592282,0.5250994243640139
1943,1.2883353091592282,0.5250994243640139
1375,1.2883270117076364,0.5251016028620601
337,1.286664782545866,0.5255382038682441
389,1.286664782545866,0.5255382038682441
1931,1.286664782545866,0.5255382038682441
3927,1.2859206672453767,0.5257337707563117
3215,1.2840156593580936,0.5262347728116008
2892,1.283572300111821,0.5263514412687511
3352,1.2831551079612424,0.5264612475658057
1871,1.280409181911309,0.5271845558169119
1057,1.2797776448148293,0.5273510504042507
2747,1.2794003682441915,0.5274505383854862
2842,1.2794003682441915,0.5274505383854862
3987,1.278749919740466,0.5276221059896876
3544,1.278136329626292,0.527784002677097
2232,1.2776867902798106,0.5279026458481144
2186,1.2776652241545055,0.5279083382861101
1059,1.2760989642879617,0.5283219210312222
3102,1.2732463451162102,0.5290760093054439
4024,1.2726423676184226,0.5292358084351189
151,1.2723737356627385,0.5293068980343655
688,1.272327892370539,0.5293190307588107
4231,1.2717837754147605,0.5294630560794032
1761,1.2717575963332461,0.5294699865530135
1061,1.2717575963332461,0.5294699865530135
1124,1.2717575963332461,0.5294699865530135
2133,1.2717575963332461,0.5294699865530135
1760,1.2717575963332461,0.5294699865530135
2920,1.2712158930035837,0.5296134138032276
842,1.2712158930035837,0.5296134138032276
2306,1.2706340619382281,0.5297675089848715
1646,1.2704595426579557,0.5298137383240098
1185,1.2699062375819674,0.5299603329163293
2019,1.269869767868953,0.5299699967550635
1888,1.2696094672069076,0.5300389770143779
412,1.2671966532067027,0.5306788056158254
3696,1.2668894910624986,0.5307603140946534
1730,1.26420671531337,0.5314727472620614
2248,1.2612862178640647,0.5322493965760177
592,1.2607280927198254,0.5323979481882688
356,1.2596761611375897,0.5326780449504773
2272,1.258535801070475,0.5329818539407021
1447,1.258535801070475,0.5329818539407021
1596,1.258535801070475,0.5329818539407021
1181,1.258535801070475,0.5329818539407021
4440,1.258535801070475,0.5329818539407021
1306,1.2578394642450292,0.5331674536949097
1598,1.2578394642450292,0.5331674536949097
2383,1.2578394642450292,0.5331674536949097
2838,1.2574589437375174,0.5332689039206108
3186,1.2569037176989493,0.5334169668622677
1524,1.256413253969893,0.5335477937404263
4019,1.2537747680119755,0.5342521374193305
3945,1.2516332027031185,0.5348245117307235
992,1.2516332027031185,0.5348245117307235
2565,1.2512884503039752,0.5349167106937183
358,1.2510989980236507,0.5349673836890215
1198,1.25017178926574,0.5352154544095911
3146,1.24950758760243,0.5353932294250965
3645,1.2490976973097905,0.5355029669135382
4094,1.2490976973097905,0.5355029669135382
4132,1.2490976973097905,0.5355029669135382
661,1.2487938837980481,0.5355843196108572
2773,1.2484844020096837,0.5356672028199292
770,1.2484844020096837,0.5356672028199292
798,1.248109966617443,0.5357674985878068
387,1.2461326101513757,0.5362974621901972
3483,1.2456479018593782,0.5364274518547784
4430,1.245503954907456,0.5364660617925183
2508,1.2448767953416866,0.5366343130824232
686,1.2448767953416866,0.5366343130824232
3135,1.2448577279710438,0.5366394292094845
2833,1.2442160684850556,0.5368116267212029
1150,1.2437612031452687,0.5369337291072075
7,1.243442166536465,0.537019386697046
141,1.242920908452446,0.5371593677861177
3369,1.2418703629914383,0.5374415970711348
3439,1.2414927273636058,0.537543085199683
3492,1.2408396767252863,0.5377186352863542
1099,1.2407725110272985,0.5377366937133095
1970,1.2407725110272985,0.5377366937133095
3669,1.2399548589078062,0.5379565794314245
51,1.23959351747566,0.5380537812123396
2859,1.2394976885955562,0.5380795623756243
1348,1.2394976885955562,0.5380795623756243
3027,1.2394976885955562,0.5380795623756243
2251,1.2385889771721013,0.5383240974468999
1834,1.2385639021105737,0.5383308467441422
671,1.2383469113221597,0.5383892563301018
3545,1.2374114989665976,0.5386411232065939
1988,1.2373474687490422,0.5386583681367934
1775,1.2359305410164936,0.5390401233408009
1112,1.2359305410164936,0.5390401233408009
2011,1.2358094879635348,0.5390727505544957
3272,1.2351877399555575,0.5392403603103098
1615,1.234754064131995,0.539357300742089
3650,1.234754064131995,0.539357300742089
2435,1.2341298499098432,0.5395256642634207
2935,1.2332629806728752,0.5397595640503436
3853,1.2324428881144813,0.53998093583448
1928,1.2323706554453226,0.540000438318802
2874,1.2323706554453226,0.540000438318802
4495,1.2323706554453226,0.540000438318802
2257,1.2323706554453226,0.540000438318802
1161,1.2320198283464439,0.5400951700207554
4394,1.2312414796298676,0.5403054021177802
3874,1.2312414796298676,0.5403054021177802
523,1.2312414796298676,0.5403054021177802
2068,1.230330527413747,0.5405515543734808
2844,1.2298077848302325,0.5406928574969943
1377,1.2298077848302325,0.5406928574969943
2014,1.2298077848302325,0.5406928574969943
4179,1.2298077848302325,0.5406928574969943
4181,1.2298077848302325,0.5406928574969943
1952,1.2298077848302325,0.5406928574969943
2468,1.2298077848302325,0.5406928574969943
3699,1.2295150286648013,0.5407720088736848
1024,1.226694228424681,0.5415352518924261
2628,1.226694228424681,0.5415352518924261
4228,1.2266576282509467,0.541545162125256
4345,1.2266576282509467,0.541545162125256
3825,1.225907123989161,0.5417484162347017
1064,1.225907123989161,0.5417484162347017
4182,1.2253750929247849,0.5418925488978724
3592,1.2244176774880482,0.5421520191438057
362,1.2238392393158926,0.5423088425323632
3091,1.2232805872343329,0.5424603446724889
4415,1.2232805872343329,0.5424603446724889
646,1.2232805872343329,0.5424603446724889
936,1.2212219571041545,0.5430189947416163
1949,1.221104960592689,0.5430507613347746
2723,1.2181025119768416,0.5438666145742619
959,1.2168383519375618,0.5442104904617733
557,1.2167273785593233,0.544240687737839
4080,1.2167273785593233,0.544240687737839
3724,1.2156303941826552,0.5445392813842922
1526,1.2138675232801788,0.5450194692076921
3177,1.2116484868511592,0.5456245138279848
1757,1.211377115307877,0.5456985523340423
629,1.211377115307877,0.5456985523340423
1636,1.211377115307877,0.5456985523340423
1607,1.211377115307877,0.5456985523340423
1397,1.2107683483878764,0.5458646792293755
2147,1.209956653916567,0.5460862618617905
1385,1.209956653916567,0.5460862618617905
1609,1.2098940172323664,0.5461033646459696
2384,1.2085648864096932,0.5464664066723532
514,1.2084313329648082,0.5465028991263257
2509,1.2076971894497295,0.5467035417288717
279,1.2073561950217795,0.546796761106203
4255,1.2073561950217795,0.546796761106203
3715,1.2064892496340296,0.5470338339498318
4003,1.2063152487361581,0.5470814282092995
415,1.2054563864381893,0.547316412466772
198,1.2036502235060613,0.5478109070257717
2524,1.203308957895964,0.5479043895128366
3285,1.2011435866726323,0.5484979189568466
628,1.1993410346195394,0.5489924898207665
1499,1.197785413482008,0.5494196680918726
3087,1.1977138756387564,0.5494393205923924
4268,1.1962093560880525,0.5498527971936795
2128,1.1962001694290885,0.5498553228545444
4066,1.1955312114119838,0.5500392686790736
136,1.195252739463891,0.5501158592643705
314,1.195252739463891,0.5501158592643705
828,1.195252739463891,0.5501158592643705
1566,1.195252739463891,0.5501158592643705
3890,1.195018403062789,0.5501803191259442
1141,1.195018403062789,0.5501803191259442
1000,1.195018403062789,0.5501803191259442
2568,1.1934380753251486,0.5506152235357011
2677,1.1924062958573236,0.550899353560439
888,1.1899064232940058,0.5515883731755976
4265,1.1899064232940058,0.5515883731755976
77,1.1895321375427443,0.5516916086695106
2016,1.1892934110685474,0.5517574642960934
3252,1.1891655631237672,0.5517927359523473
1223,1.1891453241399101,0.5517983198427382
1981,1.1889548120618405,0.5518508844685417
59,1.1883557964716738,0.5520161928645047
3708,1.1878724701281966,0.5521496109689952
3823,1.1867205227305746,0.5524677262269384
3067,1.1860831577300899,0.5526438160801228
1906,1.1854469007062,0.5528196558032994
2539,1.1852108898802827,0.5528848953643092
2049,1.1851312668388945,0.5529069069909176
4168,1.1851312668388945,0.5529069069909176
4054,1.1851312668388945,0.5529069069909176
2087,1.1846239366735962,0.5530471779573478
2733,1.1841670480268556,0.553173532877691
1108,1.184098380547014,0.5531925257199455
2308,1.1834068025140987,0.5533838466957656
2361,1.1834068025140987,0.5533838466957656
3141,1.1831153878688454,0.5534644846490798
1253,1.1831153878688454,0.5534644846490798
74,1.1831153878688454,0.5534644846490798
2510,1.1826877247985743,0.5535828454636618
3982,1.1825722996413652,0.553614795079083
1077,1.1825722996413652,0.553614795079083
4355,1.1825722996413652,0.553614795079083
1193,1.1825722996413652,0.553614795079083
3362,1.1824812530872957,0.5536399980124258
2639,1.1816044091134847,0.5538827791767962
1498,1.1813099274055312,0.553964339354553
4452,1.1813099274055312,0.553964339354553
2512,1.1813099274055312,0.553964339354553
3974,1.1813099274055312,0.553964339354553
820,1.1804922117755536,0.5541908783118787
3409,1.1803086062799217,0.5542417568926836
2058,1.1793548892749863,0.5545061148125319
937,1.1793548892749863,0.5545061148125319
1621,1.177067583123347,0.5551406402055965
2295,1.177067583123347,0.5551406402055965
3569,1.1763502257546121,0.5553397930338664
2491,1.1759373139685174,0.5554544580430082
2268,1.1755414978788241,0.555564397827426
4270,1.1748963604229605,0.5557436344350255
1540,1.1744113898551705,0.5558784104279313
674,1.1739352849983442,0.5560107543852113
3071,1.173346835727378,0.5561743705155129
2304,1.172918898496039,0.5562933871080966
1652,1.172918898496039,0.5562933871080966
2902,1.1725025857585023,0.5564091951722017
748,1.1719251201192107,0.5565698719632157
3730,1.1719251201192107,0.5565698719632157
10,1.1719251201192107,0.5565698719632157
122,1.1719251201192107,0.5565698719632157
9,1.1719251201192107,0.5565698719632157
2053,1.1719251201192107,0.5565698719632157
913,1.1718209900565195,0.5565988505454245
2478,1.1712946672202924,0.5567453451632747
3006,1.1702685748903674,0.5570310545122474
1783,1.169604445528609,0.5572160555660618
4226,1.169604445528609,0.5572160555660618
1709,1.169604445528609,0.5572160555660618
1322,1.169604445528609,0.5572160555660618
1782,1.169604445528609,0.5572160555660618
4057,1.169604445528609,0.5572160555660618
4014,1.169604445528609,0.5572160555660618
1351,1.169316412112373,0.5572963097669291
2761,1.1680653403752483,0.557645027654508
2355,1.1677193901755434,0.5577414947018069
4310,1.1677193901755434,0.5577414947018069
1396,1.1677193901755434,0.5577414947018069
149,1.1670401182539516,0.5579309559423398
3246,1.1670401182539516,0.5579309559423398
2629,1.1670401182539516,0.5579309559423398
3581,1.1670401182539516,0.5579309559423398
3832,1.1659457780801716,0.558236322608115
1044,1.165505378695415,0.5583592596094759
147,1.1641972923019632,0.558724570135962
3149,1.163235234302592,0.558993397508732
1733,1.161922352828571,0.5593604640120984
1496,1.1608196108548823,0.5596689641843489
2009,1.1608196108548823,0.5596689641843489
3521,1.1608196108548823,0.5596689641843489
11,1.1608196108548823,0.5596689641843489
1136,1.160382156433894,0.5597913924043886
3925,1.1600591279024735,0.559881814002076
4335,1.1600591279024735,0.559881814002076
1390,1.1598303732207071,0.5599458554575465
706,1.1591541220057573,0.5601352195026883
2681,1.1587518709607394,0.5602478883212942
1844,1.1585105038035626,0.5603155051213901
2605,1.1580041468988251,0.5604573828932543
3175,1.1580041468988251,0.5604573828932543
2134,1.1580041468988251,0.5604573828932543
3657,1.157802678023022,0.5605138430963834
4261,1.157802678023022,0.5605138430963834
2270,1.1565016344234889,0.560878588194845
659,1.1563782487946193,0.5609131914408818
790,1.1563782487946193,0.5609131914408818
2159,1.155854745584188,0.5610600305859805
2567,1.155854745584188,0.5610600305859805
1797,1.155854745584188,0.5610600305859805
2213,1.155854745584188,0.5610600305859805
24,1.155479859034136,0.5611652073726325
4187,1.1537003140493232,0.5616647389396155
1115,1.1533468143969017,0.5617640218584727
785,1.1533468143969017,0.5617640218584727
709,1.1533468143969017,0.5617640218584727
2719,1.1533468143969017,0.5617640218584727
2044,1.1532629806092898,0.5617875697548448
989,1.1528237172618845,0.5619109696498221
3575,1.1528237172618845,0.5619109696498221
3259,1.1528237172618845,0.5619109696498221
460,1.1528237172618845,0.5619109696498221
4294,1.1525282925701894,0.5619939769677584
2736,1.1515255444127162,0.5622758168279124
2356,1.1512763324388537,0.5623458841263075
3838,1.1512590327624828,0.5623507483482468
2222,1.1509212158219335,0.5624457421753133
1340,1.1467760253998058,0.5636126733973331
4446,1.1464020740636975,0.5637180651060005
1309,1.1464020740636975,0.5637180651060005
1117,1.1456211982683109,0.5639382049749095
1809,1.1434322581247374,0.5645557563466937
1986,1.1434322581247374,0.5645557563466937
1220,1.1431607717195218,0.5646323961546598
3536,1.1431607717195218,0.5646323961546598
3142,1.1424769874050666,0.5648254725463928
3585,1.1420319821545437,0.5649511616794116
3717,1.1418111192459202,0.5650135535027575
4367,1.1418111192459202,0.5650135535027575
2366,1.14016125574315,0.5654798434252429
486,1.1396849700274112,0.565614524447249
2367,1.1395873497638398,0.5656421328405064
1438,1.1390324026701282,0.5657991053462085
3900,1.1390324026701282,0.5657991053462085
536,1.1382199469656915,0.5660289953922687
853,1.1371292673700926,0.5663377577127034
2743,1.1364650015966968,0.5665258883474745
3530,1.136240540208231,0.5665894735092611
3629,1.1357042000625195,0.566741436224667
1934,1.1357042000625195,0.566741436224667
2766,1.1351064896143792,0.5669108351751996
1369,1.134605432769734,0.5670528802447542
1939,1.1334010532788796,0.5673944565108928
3187,1.1308520339656505,0.5681180672513124
4153,1.1308520339656505,0.5681180672513124
2212,1.1308520339656505,0.5681180672513124
2190,1.1296484816813588,0.568460050038327
3378,1.1289393929346232,0.5686616300829761
1003,1.1278362723501285,0.5689753677725269
1982,1.1277811613377695,0.5689910463928045
101,1.1265739116475064,0.5693346072055541
4420,1.1263926910392597,0.5693861971247147
681,1.1263926910392597,0.5693861971247147
2701,1.125716808122027,0.569578648843563
3658,1.125711132582403,0.5695802651789518
1996,1.125711132582403,0.5695802651789518
594,1.1244507198740168,0.5699393314123173
951,1.1233112165793344,0.5702641478088257
2552,1.122319869982251,0.5705468825862614
2821,1.12200172652182,0.5706376476849326
1400,1.1219467818946551,0.5706533246366718
1987,1.1219467818946551,0.5706533246366718
1865,1.1219467818946551,0.5706533246366718
3398,1.1145445579723612,0.5727692897786869
3423,1.1128403191568539,0.5732575656117844
4250,1.112169339111329,0.573449920070217
608,1.1118727152531216,0.5735349758413439
3590,1.1109148535261042,0.5738097252303053
694,1.1103531016812016,0.573970917202603
2566,1.1102667871414773,0.573995688754902
3697,1.1098479575438345,0.5741159045336295
599,1.1083380770827884,0.574549491372426
4012,1.1074920058168187,0.5747925976978835
2795,1.1074920058168187,0.5747925976978835
3511,1.1074920058168187,0.5747925976978835
4222,1.1074920058168187,0.5747925976978835
3162,1.1074920058168187,0.5747925976978835
4000,1.1074920058168187,0.5747925976978835
593,1.1065742199310995,0.5750564264945315
3884,1.1051467514332496,0.5754670104676772
3059,1.1025843845757006,0.5762047617617472
607,1.1021413609253048,0.5763324120677168
3663,1.1016178631089832,0.5764832861920204
3171,1.1015526496137265,0.5765020837435071
1454,1.1015526496137265,0.5765020837435071
1139,1.1015526496137265,0.5765020837435071
1097,1.1015526496137265,0.5765020837435071
4110,1.1004799134629768,0.5768113839985902
1168,1.0990767702185806,0.5772162004842394
2123,1.0990767702185806,0.5772162004842394
906,1.0990767702185806,0.5772162004842394
2463,1.0990767702185806,0.5772162004842394
470,1.0988102308744216,0.5772931310241369
4344,1.098464581371522,0.577392910187926
982,1.0980067987149658,0.5775250855443969
4266,1.0980067987149658,0.5775250855443969
167,1.0980067987149658,0.5775250855443969
4034,1.0976447131530749,0.5776296517571426
2205,1.0962287925633014,0.57803873540614
4166,1.0949883467380872,0.5783973594761499
1427,1.0949883467380872,0.5783973594761499
113,1.0947094335375414,0.5784780264301482
3710,1.091777492368808,0.57932668009927
1908,1.0917605665892045,0.5793315828978689
4319,1.0908286786461285,0.5796015818537499
4006,1.0908286786461285,0.5796015818537499
2870,1.0907086079796524,0.5796363794723947
1285,1.0901520827015088,0.5797976930637807
214,1.0894257020760258,0.5800083082136273
3931,1.0894107814087204,0.5800126352852686
3292,1.0882409726000963,0.5803519864645285
4093,1.0882409726000963,0.5803519864645285
4002,1.0882409726000963,0.5803519864645285
1063,1.0882409726000963,0.5803519864645285
4360,1.0882203298638706,0.5803579765219287
816,1.0864161236638439,0.5808817554674511
3237,1.0861387586671838,0.5809623191867936
234,1.0837561844733536,0.5816548245058619
3627,1.0835662950078184,0.5817100521894849
3103,1.083122792674449,0.5818390613756702
351,1.083122792674449,0.5818390613756702
445,1.0829521164878213,0.5818887165304917
54,1.0819049963253493,0.5821934500003678
2405,1.081828618000797,0.5822156839050505
4106,1.081828618000797,0.5822156839050505
3470,1.0791075417248244,0.5830083496512533
824,1.0785946988432595,0.5831578646608668
1568,1.0784907267662607,0.58318818151609
4101,1.0782059541131725,0.5832712254509602
2255,1.0777826019072212,0.5833947030991141
955,1.0773391248902304,0.583524078513669
2006,1.0766607070920475,0.5837220486486527
3757,1.0764798509949811,0.5837748358810848
1649,1.0761738064131892,0.5838641732789713
1130,1.076121132142524,0.5838795507912177
3695,1.0755515635947432,0.5840458541843008
1547,1.0747819130827039,0.5842706530310269
2461,1.073842411735338,0.5845451790382419
3376,1.0734412204829742,0.5846624480058904
391,1.0721289123828692,0.5850462025263359
1967,1.0720066088524187,0.5850819802282823
3873,1.0720066088524187,0.5850819802282823
761,1.0720066088524187,0.5850819802282823
15,1.0708825812251295,0.5854108968024568
698,1.0707055279464448,0.5854627235557754
3058,1.069629650596794,0.5857777513226576
981,1.0676997565335555,0.5863432686282272
2651,1.0676857842544847,0.5863473649184261
4316,1.0667838659206095,0.5866118432676316
3170,1.0644779972085059,0.5872885582444141
3723,1.0635493069116324,0.5875613261614957
3779,1.0630783344546095,0.587699705054735
2116,1.062017946759672,0.5880113824399291
4305,1.0618975187636548,0.5880467900221455
3036,1.0617244756350153,0.5880976709514286
1391,1.061241092964496,0.5882398262409427
3861,1.0598864318703125,0.5886383940100965
1503,1.058185574802213,0.5891392018170414
2004,1.05700314338814,0.5894876131497642
1050,1.0564033089431144,0.5896644371523622
815,1.056261367202743,0.5897062876356494
2573,1.0546607203551022,0.590178432299834
585,1.0546607203551022,0.590178432299834
4212,1.0546607203551022,0.590178432299834
4008,1.0546607203551022,0.590178432299834
3819,1.0545811713238291,0.5902019068279588
3868,1.0540772289450637,0.5903506394417781
1414,1.0540772289450637,0.5903506394417781
590,1.0540772289450637,0.5903506394417781
207,1.0538352169910614,0.5904220797199402
106,1.0538352169910614,0.5904220797199402
108,1.0538352169910614,0.5904220797199402
1128,1.0534105983774873,0.590547445130048
2934,1.0529407647695845,0.5906861909446632
870,1.0513994128205253,0.5911415940620911
1293,1.0511025846291266,0.5912293343179885
3317,1.0505778098690561,0.5913844857880238
3178,1.0504480112074404,0.5914228674908615
2726,1.0504480112074404,0.5914228674908615
1691,1.0504480112074404,0.5914228674908615
209,1.0504480112074404,0.5914228674908615
973,1.0503555923875192,0.5914501974240509
1520,1.0503555923875192,0.5914501974240509
4508,1.0503555923875192,0.5914501974240509
3277,1.0503555923875192,0.5914501974240509
2811,1.0503555923875192,0.5914501974240509
610,1.0500921164049228,0.5915281190175168
3928,1.0500921164049228,0.5915281190175168
398,1.0500921164049228,0.5915281190175168
867,1.0500921164049228,0.5915281190175168
1026,1.0500921164049228,0.5915281190175168
2060,1.0498606920347906,0.5915965699889256
1277,1.0497885385056065,0.5916179132641104
1628,1.0479765444673048,0.5921541602123916
2447,1.0470747567763081,0.5924212190818935
1608,1.0467591050920009,0.592514725838402
6,1.0467591050920009,0.592514725838402
2393,1.046213869493413,0.5926762779189949
4085,1.046213869493413,0.5926762779189949
3118,1.0457970744424254,0.5927998030594519
403,1.0446312083499898,0.5931454663939486
1891,1.0444684531502935,0.5931937371124154
3533,1.0444684531502935,0.5931937371124154
3428,1.0434010234463003,0.5935104179211321
3738,1.0419658945733223,0.5939364527251494
1925,1.0419658945733223,0.5939364527251494
2978,1.0413388003235848,0.5941227089907886
1590,1.0397165356168043,0.5946048166420589
488,1.0397165356168043,0.5946048166420589
3576,1.0397165356168043,0.5946048166420589
4193,1.0394288729650518,0.5946903455919323
2867,1.0378192404370419,0.5951691547049474
254,1.0377952282550733,0.5951763004028658
3395,1.037017609545342,0.5954077555092963
635,1.037017609545342,0.5954077555092963
2173,1.037017609545342,0.5954077555092963
675,1.0364708288420625,0.5955705564980397
4123,1.0360192015726226,0.5957050596358844
2129,1.0346486848670593,0.5961134114010437
1014,1.0338399212347889,0.5963545175711586
1852,1.033755804029462,0.5963795999363206
4227,1.0305220255693723,0.5973446596755769
3950,1.0304534511039622,0.5973651413220554
3893,1.0304534511039622,0.5973651413220554
2612,1.0294877887848124,0.5976536374677894
1805,1.0285980050206702,0.5979195878745909
533,1.027954750974828,0.5981119259004806
3400,1.027954750974828,0.5981119259004806
383,1.0272937957477284,0.5983096211675187
3407,1.0269959399277775,0.5983987328043576
4121,1.026943333673059,0.5984144727694424
1053,1.026943333673059,0.5984144727694424
3179,1.026943333673059,0.5984144727694424
3675,1.0227715686886019,0.5996639977694017
1354,1.0211973109517962,0.6001361964296063
995,1.0206372971624043,0.6003042622310567
3746,1.0206372971624043,0.6003042622310567
1586,1.0206372971624043,0.6003042622310567
476,1.0206372971624043,0.6003042622310567
3904,1.0206372971624043,0.6003042622310567
1620,1.0200921951002788,0.6004678980752252
2943,1.0197118751185243,0.6005820939026398
4133,1.0192356145061683,0.6007251277302146
2386,1.0185943118351215,0.6009177819304663
3003,1.0177778974560545,0.6011631309625813
4492,1.0175480390175682,0.6012322261423122
2583,1.0175480390175682,0.6012322261423122
1467,1.0168798375820318,0.6014331318201084
3200,1.0168798375820318,0.6014331318201084
3771,1.0168798375820318,0.6014331318201084
4426,1.0168798375820318,0.6014331318201084
4314,1.0168798375820318,0.6014331318201084
1717,1.0168798375820318,0.6014331318201084
2238,1.0164916681297997,0.6015498721331642
1310,1.0164916681297997,0.6015498721331642
3558,1.0164916681297997,0.6015498721331642
347,1.0162163571502056,0.6016326844751061
1735,1.0162163571502056,0.6016326844751061
180,1.0162163571502056,0.6016326844751061
2382,1.0162163571502056,0.6016326844751061
3700,1.0162163571502056,0.6016326844751061
2189,1.0152660774032096,0.6019186120751225
173,1.0140935508870754,0.6022715983030467
1914,1.0123592144055595,0.6027940956192024
897,1.011800979390403,0.6029623694877536
1829,1.0116388568735515,0.603011248357272
2606,1.0097476722868794,0.6035817208211893
1922,1.0096366377581807,0.6036152309573275
3673,1.0085794439685805,0.6039343844384037
3110,1.0072519486891145,0.6043353775250139
781,1.0062317230529056,0.6046437353894865
3837,1.0062317230529056,0.6046437353894865
3226,1.0059129894261918,0.6047401032135242
4198,1.0052585619931043,0.6049380148481749
2594,1.004026158456576,0.6053108935950875
1056,1.0038870003521854,0.6053530120186101
812,1.0029831778737934,0.6056266396714716
3468,1.0021515605881994,0.6058785168252748
3101,1.0021308985475263,0.6058847762008863
708,1.0000718604745606,0.6065088673136174
1374,0.9995660534271078,0.6066622749411796
309,0.9991538890198539,0.6067873101229772
1292,0.9986911166957474,0.6069277285546636
1728,0.9980941781278019,0.607108904875667
2437,0.9969159599075049,0.6074666636315063
2791,0.9969159599075049,0.6074666636315063
4239,0.9969159599075049,0.6074666636315063
2426,0.9969159599075049,0.6074666636315063
2828,0.9969159599075049,0.6074666636315063
1701,0.9969159599075049,0.6074666636315063
3433,0.9969159599075049,0.6074666636315063
3983,0.9969159599075049,0.6074666636315063
4375,0.9955768992874661,0.60787351716032
596,0.99496895212712,0.6080583227362067
3449,0.9944813919112455,0.6082065733292941
789,0.9944813919112455,0.6082065733292941
3543,0.9944813919112455,0.6082065733292941
3865,0.9944813919112455,0.6082065733292941
693,0.9936777334729827,0.608451017610864
2880,0.9936188770919302,0.6084689234868035
4096,0.9936188770919302,0.6084689234868035
3818,0.9936188770919302,0.6084689234868035
3111,0.9929885804189024,0.6086607116751378
2861,0.9929814411174324,0.6086628843851725
2638,0.9924081299797789,0.6088373860002545
4333,0.9915834819651459,0.6090884760327212
2729,0.9912978101992609,0.60917548193662
640,0.9906434534701054,0.6093748235828995
369,0.9898659644567872,0.6096117607490908
2064,0.9898575445361407,0.6096143271958183
4467,0.9896591481601094,0.6096748028319516
3579,0.9895838083021714,0.6096977696710455
909,0.9892035767514848,0.6098136938544105
2526,0.9892035767514848,0.6098136938544105
1465,0.9891891487634799,0.6098180930626086
3242,0.9878121141176195,0.6102381079606924
94,0.9875509140907757,0.6103178102702307
1516,0.9872956578349226,0.610395708960722
2038,0.9847801506011259,0.611163919379851
2548,0.9835029128447845,0.6115543448496925
3077,0.9835029128447845,0.6115543448496925
3089,0.9835029128447845,0.6115543448496925
3090,0.9835029128447845,0.6115543448496925
468,0.9835029128447845,0.6115543448496925
1231,0.9834360524783355,0.6115747895652259
225,0.9814388531288984,0.6121858129842694
2780,0.9812929017584259,0.6122304892935861
804,0.9812640177126983,0.6122393312041579
2206,0.9807069628111089,0.6124098804145701
2390,0.9807069628111089,0.6124098804145701
2825,0.9807069628111089,0.6124098804145701
2735,0.9802967629153336,0.6125354985308235
1155,0.9802967629153336,0.6125354985308235
2217,0.9780924482980501,0.6132109811830242
29,0.9780924482980501,0.6132109811830242
4201,0.9750478953448746,0.614145168700304
515,0.9734502320771447,0.6146359632938714
2029,0.9732630826908146,0.6146934803565736
3050,0.972944100996449,0.6147915261590096
626,0.972944100996449,0.6147915261590096
1972,0.972944100996449,0.6147915261590096
1380,0.972944100996449,0.6147915261590096
961,0.9729367703800822,0.6147937795635513
4483,0.9728656479214072,0.6148156427748808
2204,0.9728656479214072,0.6148156427748808
4416,0.9728656479214072,0.6148156427748808
3614,0.9713777203250457,0.6152732135425987
1183,0.970235309763159,0.6156247612447908
4004,0.9675644419293652,0.6164474366230779
2809,0.9664034884673194,0.6168053738930137
1206,0.9638160933013619,0.6176038498962608
3487,0.9638160933013619,0.6176038498962608
481,0.9638160933013619,0.6176038498962608
4209,0.9637546831471041,0.6176228137612491
1534,0.9629117267751757,0.617883183170562
3668,0.9624132713229219,0.61803719598265
2076,0.9618322431929219,0.6182167705639838
2569,0.9617789356149744,0.6182332486029265
1319,0.9608188286237769,0.6185301048827601
2703,0.9608188286237769,0.6185301048827601
786,0.95789696748886,0.6194343948114391
4118,0.9576632429342142,0.619506787555377
466,0.956562394656527,0.6198478729076191
4010,0.954443757787905,0.6205048370915593
4092,0.954443757787905,0.6205048370915593
2094,0.954443757787905,0.6205048370915593
753,0.9544253666991056,0.6205105429975736
4408,0.9538079092882357,0.6207021419887544
2439,0.9528160803701065,0.6210100334933535
204,0.9519848692985762,0.6212681823413684
97,0.9518232802570192,0.6213183794342332
2208,0.9505937890525551,0.6217004496015215
1085,0.9505788997058316,0.621705077975526
1535,0.9503283317397183,0.6217829725433502
1746,0.9503283317397183,0.6217829725433502
156,0.9469862736102812,0.6228228585603204
2061,0.9469862736102812,0.6228228585603204
1147,0.94535255973619,0.6233318235803889
2866,0.9432186659380151,0.6239972404557719
2937,0.9430701755133022,0.6240435709832879
3116,0.9426306545336494,0.6241807261742143
3174,0.9426306545336494,0.6241807261742143
1985,0.9420325394955593,0.6243674200283286
1927,0.9420325394955593,0.6243674200283286
1075,0.9420325394955593,0.6243674200283286
2984,0.9411026946769969,0.6246577699233813
3513,0.9411026946769969,0.6246577699233813
3824,0.9391432150052038,0.6252700719237296
1471,0.9385623294999774,0.6254517034600505
1303,0.9381358464978049,0.6255850899414148
3582,0.938083451974852,0.6256014787722619
4189,0.9379601001726477,0.6256400644970885
3966,0.9372723276001714,0.625855250533033
676,0.9372723276001714,0.625855250533033
3228,0.9372723276001714,0.625855250533033
1281,0.9372723276001714,0.625855250533033
2593,0.9363826690888231,0.6261337111874183
324,0.934184263725525,0.6268223374424038
252,0.934184263725525,0.6268223374424038
1603,0.9330692835618806,0.6271718821033803
1601,0.933022982429557,0.6271864016555989
8,0.9329235028222932,0.6272175985599153
2682,0.9294712140757693,0.6283012016471103
3366,0.9292492977304052,0.628370920668215
3364,0.9292492977304052,0.628370920668215
1068,0.9271026299539131,0.6290457345572795
2158,0.9270319605771723,0.62906796208498
1938,0.9265399309497397,0.6292227411606791
1441,0.9265399309497397,0.6292227411606791
1548,0.9265399309497397,0.6292227411606791
2972,0.926019202401462,0.6293865896121693
2713,0.9256915155155039,0.6294897189262765
2577,0.9256275471326717,0.6295098529679246
4104,0.9247858761446287,0.6297748288095988
2081,0.9247858761446287,0.6297748288095988
4456,0.924089270315295,0.6299942194230344
3767,0.9238728225355208,0.630062403537575
4031,0.923859197767555,0.6300666957792213
3316,0.9235072166486118,0.6301775913275145
3739,0.9228962779973349,0.6303701206557747
2503,0.9228962779973349,0.6303701206557747
3583,0.9228902028406619,0.6303720354573052
3348,0.9228902028406619,0.6303720354573052
1616,0.9228902028406619,0.6303720354573052
3401,0.922734406414458,0.6304211422250967
2725,0.9213651027136224,0.6308529090147637
2269,0.9207858187590172,0.6310356569631785
1378,0.9183208068236935,0.6318138916671353
3933,0.9173187392596458,0.632130531087712
1679,0.9169594292007917,0.6322441067187875
1901,0.9163026116578421,0.6324517753273768
1122,0.9163026116578421,0.6324517753273768
2330,0.9163026116578421,0.6324517753273768
1941,0.9154847399450832,0.6327104604249403
3022,0.9145500659347054,0.63300621854064
960,0.9141334307049137,0.6331380986222956
1384,0.9129378987943064,0.6335166801629628
4352,0.9112361185115502,0.6340559626630563
2926,0.9109561565742443,0.634144724643239
575,0.9090363814132494,0.6347537245276146
432,0.9086986444935313,0.6348609234624701
1552,0.9085814910843281,0.6348981126124451
3809,0.9066352204539248,0.6355162551067475
2464,0.9063644396805153,0.6356023037232298
1911,0.9049726996973955,0.6360447542191143
1364,0.9046045780494949,0.6361618359153913
2858,0.9044282797528791,0.6362179155110612
1127,0.9033918597334423,0.6365476954434923
474,0.9014722508068337,0.6371589500582134
2142,0.8984845917444058,0.6381114681866115
63,0.8977789820874129,0.6383366367116425
617,0.8969476177409949,0.6386020370292986
684,0.8969476177409949,0.6386020370292986
4471,0.896614467330832,0.6387084211548149
323,0.8927573165437893,0.6399414070704736
3438,0.8913453418973951,0.6403933571081812
2529,0.889130939426571,0.6411027940966016
490,0.8877874746966963,0.6415335882656421
733,0.8861360923867045,0.6420635156231647
2327,0.885815594394563,0.6421664139014096
4271,0.8845417560643366,0.6425755522778208
776,0.8821925856135855,0.6433307554661412
2968,0.8786402082100332,0.6444744476914286
504,0.8786402082100332,0.6444744476914286
3632,0.878407419037456,0.6445494653938837
4087,0.8780217864901722,0.6446737570023162
3810,0.8764788219485063,0.6451713032757016
4484,0.8764788219485063,0.6451713032757016
3693,0.8763008245478092,0.6452287252383972
856,0.8762198844815569,0.6452548381946743
2359,0.8755784286313797,0.6454618226311519
2550,0.8750307794348644,0.6456385901559683
2711,0.8750307794348644,0.6456385901559683
1858,0.8737472751332818,0.6460530630900583
5,0.8711658059336638,0.646887484524364
3948,0.8696893425209461,0.6473652136915995
2986,0.8688514866588385,0.6476364698756363
2710,0.8682728315526024,0.6478238760603545
3332,0.867287305374642,0.6481431784183844
1742,0.8650846007937436,0.648857405628166
427,0.8650846007937436,0.648857405628166
4461,0.8619050398887845,0.6498897668444884
3566,0.8585756157439188,0.6509725471938087
3486,0.8585756157439188,0.6509725471938087
344,0.8577327141333675,0.6512469579192847
728,0.8561768937552756,0.6517537666637205
896,0.8548096404430234,0.6521994752436173
233,0.8525110793652124,0.6529494663005102
633,0.852373389788305,0.6529944200157856
4109,0.8497731178623973,0.6538439536798226
3452,0.8497389310264114,0.6538551302033473
3074,0.8497389310264114,0.6538551302033473
3411,0.8492133229844905,0.6540269885422326
3462,0.8477354270286451,0.6545104590707076
3750,0.8476919635023245,0.6545246828915439
4172,0.8448629443273339,0.6554511694383188
3109,0.844713913636011,0.6555000124285273
2353,0.8444425252280254,0.6555889660160377
135,0.8444425252280254,0.6555889660160377
3342,0.8444425252280254,0.6555889660160377
3453,0.8444425252280254,0.6555889660160377
1506,0.8443636775011454,0.655614812375385
2807,0.8439618493395096,0.6557465478560973
4001,0.843424147953169,0.6559228694710646
2675,0.841817946987879,0.6564498530261643
3173,0.8408016604908617,0.6567835083521353
1270,0.8398505988633862,0.657095903419165
1945,0.8386854047109211,0.657478837108494
1215,0.8386452562003923,0.6574920356389758
3139,0.8386389930906017,0.6574940946146026
411,0.8362566282707605,0.6582777566642961
2547,0.8349447188848697,0.6587096986997565
1819,0.8346429568783695,0.6588090929781124
1708,0.8342031701930879,0.6589539766406223
739,0.8340244198619551,0.6590128733932994
2953,0.8338733246068237,0.6590626621331065
3618,0.8334349977213991,0.6592071204045105
900,0.8327281954369863,0.6594401261236305
2030,0.8313746881836865,0.6598865556649102
107,0.8312555898565719,0.6599258525273788
4347,0.8294471239852659,0.6605228490896229
2997,0.8273939539738677,0.6612012801163978
251,0.8264388794819842,0.6615171037574917
1811,0.8254585791503406,0.6618414259523879
3328,0.8243382928450647,0.6622122557444559
1312,0.8243222773200041,0.6622175586041765
835,0.8240006729422423,0.6623240531991681
2349,0.8233437844884528,0.662541625438992
878,0.8222094018630518,0.6629175198851984
4141,0.8221115514833646,0.6629499540441267
1951,0.8211114096170538,0.6632815589523583
516,0.8207211160112087,0.6634110088584824
2619,0.8197729455468887,0.6637255967854875
929,0.818832729149685,0.6640376929839011
1664,0.8169998780076608,0.6646465130323889
3565,0.8167982352626654,0.664713526984221
758,0.8162439377464417,0.6648977770438831
2778,0.8140324217424721,0.6656333997167259
3803,0.813948283159814,0.6656614030311726
2854,0.8117531288174566,0.6663924188906474
3641,0.8104797298513395,0.6668168457010966
899,0.810371485043019,0.6668529364085696
2742,0.8100948544813906,0.6669451787388456
465,0.8085416180384267,0.6674633416987383
350,0.8072350702579892,0.6678995205291569
3720,0.8064002968977709,0.6681783510787076
722,0.805402582372014,0.6685117598568224
1897,0.8041245323506797,0.6689390921147544
2085,0.8041245323506797,0.6689390921147544
755,0.8038719801211665,0.6690235684778767
2887,0.8038719801211665,0.6690235684778767
1611,0.8026910591743602,0.6694187170991786
4263,0.8025482718681225,0.6694665110529305
352,0.8025482718681225,0.6694665110529305
2863,0.8025482718681225,0.6694665110529305
672,0.8008969325138006,0.6700194975116416
2783,0.800721813325473,0.6700781667154139
2788,0.8002890619126851,0.6702231710392169
84,0.8000931519602952,0.6702888259495412
1386,0.7995151950158518,0.670482552980534
1910,0.7995151950158518,0.670482552980534
3598,0.7995151950158518,0.670482552980534
3759,0.7991894371322013,0.6705917693635589
3119,0.7976979687124166,0.6710920390977888
857,0.7975252545293077,0.6711499951568729
2496,0.7975252545293077,0.6711499951568729
615,0.7971622371592515,0.6712718257662729
809,0.7971217008922279,0.6712854313311395
1175,0.7971217008922279,0.6712854313311395
1113,0.7969953356101676,0.6713278462575054
1269,0.7962206885505866,0.6715879176912063
502,0.795286429674384,0.6719017094628137
3811,0.795286429674384,0.6719017094628137
2476,0.795286429674384,0.6719017094628137
1849,0.7947545565332287,0.6720804164605034
1383,0.7946158491320682,0.6721270293408417
1030,0.7946158491320682,0.6721270293408417
1394,0.7946158491320682,0.6721270293408417
4407,0.7946158491320682,0.6721270293408417
2910,0.7946158491320682,0.6721270293408417
4042,0.7942091746625958,0.6722637116882135
178,0.7933493211330557,0.6725527979893684
3060,0.7933493211330557,0.6725527979893684
670,0.7933493211330557,0.6725527979893684
373,0.7925011938271309,0.6728380636668212
4443,0.7921453337292683,0.6729577924277688
4204,0.7921453337292683,0.6729577924277688
1847,0.7916340956856632,0.673129835228153
3679,0.7907861047385515,0.67341529974496
1773,0.7904356232130647,0.6735333198963991
589,0.789853071453331,0.673729532481381
348,0.789400777257995,0.6738819116891733
4079,0.789383401899206,0.6738877661846028
3367,0.787520506996657,0.6745157496482559
4403,0.7865050069665165,0.6748583219935016
795,0.7857262012931743,0.6751211649110045
1483,0.7851394983481522,0.6753192417505005
1232,0.7844186351135745,0.6755626920279438
2118,0.7836694736042192,0.675815792211225
1047,0.7829081938528493,0.6760730836149358
1079,0.7818810792635176,0.676420375048145
1958,0.7817300462078353,0.6764714578950051
